sha256,file_size,packed,local_score,intel_score,score,heuristic_score,cfg_nodes,cfg_edges,cfg_cyclomatic,cfg_max_depth,cfg_avg_depth,cfg_loop_count,cfg_scc_count,strings_total_count,strings_b64_count,api_risk_score,platform,family,source
5f6d901c7626694b8e0e37e572a375488980cd240782d9a5e82f4c463a9b098a,6501247,0,26.0,0.0,26.0,26.0,64,96,34,64,20.2812,0,64,18135,589,0.0,Android,Android.Generic,Local
e913b436fe3debd25ed0fa24e84e313f104490be66687a584f9cc15e0b23d9c8,92367160,0,40.0,0.0,40.0,40.0,137,167,32,137,54.9854,0,137,150019,31,14.0,Windows,Win.Suspicious.Generic,MalwareBazaar
fe045f14341b216640c6c732cf2d5d96eca4a98a61296ca37bc8bb02318ac1b3,4472320,1,41.0,0.0,41.0,41.0,153,194,43,153,59.0196,0,153,19300,414,40.0,Windows,ValleyRAT,MalwareBazaar
fd79e8fa5e3801101a1305b6aba7a5e7fdc852ed9036d6d9a5210be414a5cc5a,574976,1,33.0,0.0,33.0,33.0,113,141,30,113,44.1239,0,113,2194,59,6.0,Windows,Emotet,MalwareBazaar
fdad2f108dcefa145a1c04a3c87436af85a47696bd5c1dd1bf790bb57e3e5bbf,738170,0,33.0,0.0,33.0,33.0,21,50,31,21,5.0952,0,21,1216,2,30.0,Android,Android.Suspicious.Generic,MalwareBazaar
fc21a103ecc58048bb6d431cbd4ba89f2c69f97f45ba2c1b0810d657f50c29b8,2733848,1,33.0,0.0,33.0,33.0,2,1,1,2,1.5,0,2,44825,10,10.0,Windows,CoinMiner,MalwareBazaar
f29a85a0a8d5c438141903be9402dfea15cc0eb89e356da5b53d31edfabed15e,6731632,0,22.0,0.0,22.0,22.0,140,166,28,140,58.0,0,140,11841,28,12.0,Windows,Emotet,MalwareBazaar
fa11e21144149812a1c61c9bf7f8351753aed2348075ced4d6b479e850474969,584192,0,18.0,0.0,18.0,18.0,114,138,26,114,46.0965,0,114,1382,73,6.0,Windows,Emotet,MalwareBazaar
fa670b1973f600fb77ef2b0896caf26926a6fe106aeb5890c3f303d866c83a38,5122560,0,20.0,0.0,20.0,20.0,2,1,1,2,1.5,0,2,4642,161,32.0,Windows,ACRStealer,MalwareBazaar
fbf4fe062779de9044679f800b98930b9c3642f242a00458951ccabd4cf3e347,3072,0,2.0,0.0,2.0,2.0,16,22,8,16,5.75,0,16,38,2,0.0,Windows,Win.Generic,MalwareBazaar
fb967e4daa07ff3777fd4495133bef6544676a315409990f68057506d706c1e4,5401317,0,22.0,0.0,22.0,22.0,6,9,5,6,2.5,0,6,9948,56,8.0,Android,Kimwolf,MalwareBazaar
fc7a60ad4b82d6f520198e43918027eda379ec0e51d66fb3f4146c2bce4f8dd7,270336,0,34.0,0.0,34.0,34.0,74,108,36,74,24.1216,0,74,458,33,30.0,Windows,Emotet,MalwareBazaar
eda7b5698cc90a97e44fa863f16d19526a830b57769a9f89097659df88e985fa,9334034,0,59.5,0.0,59.5,59.5,47,68,23,47,15.8085,0,47,24374,301,8.0,Android,Android.Trojan.Overlay,MalwareBazaar
287f9e123b34b3d908e1198c6c812d9f6d65b61eecceddbcd685d7028bbe5b20,120200,0,0.0,0.0,0.0,0.0,0,0,0,0,0.0,0,0,193,1,0.0,Unknown,Unknown.Generic,Local
f546690d185b892ddfc311aa5cd0b710a6ae5e803c3b1b238283fc080277f98c,1635456,0,26.0,0.0,26.0,26.0,140,161,23,140,60.4429,0,140,4938,278,16.0,Windows,Smoke Loader,MalwareBazaar
f5d4dc3947d2a2db3572d9ff54b03d8db9097ccc18d27c53c5deacdafce69a4b,58368,0,13.0,0.0,13.0,13.0,503,585,84,36,18.0,12,342,136,1,38.0,Windows,Heodo,MalwareBazaar
f7912a3d9af87e08df8f39d14b22fae25b7a425a1c26e5b41c26655aafe2d424,990720,0,36.0,0.0,36.0,36.0,12,14,4,12,5.0,0,12,4134,63,48.0,Windows,Win.Generic,MalwareBazaar
f10052e10c319749ccd6aead272df3e831e4d4224a32ac589e1a577db38e2b70,479543,0,24.0,0.0,24.0,24.0,111,161,52,111,36.3243,0,111,1174,258,40.0,Windows,Emotet,MalwareBazaar
ef246ba750950b98b7b42d1251a6b0846457d2ecf656b495e82baf09911ddafd,442463,1,39.0,0.0,39.0,39.0,113,169,58,113,35.6991,0,113,2601,393,30.0,Windows,Emotet,MalwareBazaar
ee3f6b75ecceef229900944aa924a21d65ed5eb7f0388c763717c791fcd6e2b4,606110,0,14.0,0.0,14.0,14.0,14,26,14,14,4.5,0,14,761,1,4.0,Android,Mirai,MalwareBazaar
ef036cd46e63f884bb90cdc46ca36706edbbbace48fd344a0aa10820c37fb8ec,615936,0,14.0,0.0,14.0,14.0,90,96,8,90,41.7222,0,90,8142,592,0.0,Windows,SheetRAT,MalwareBazaar
f0e180d5a00ca5ab5c375261bd3b986b3ef7b5474fb5935b64caa7f02fb02148,1080832,1,36.0,0.0,36.0,36.0,173,235,64,173,61.104,0,173,3975,142,22.0,Windows,Emotet,MalwareBazaar
f208dcc388d78245b2a2bd7d87309a5ba257585e070b278d797898b649e3e03b,758272,1,22.0,0.0,22.0,22.0,10,10,2,10,4.9,0,10,2111,2,22.0,Windows,Win.Packed.Generic,MalwareBazaar
ec033c13f06bcccb3d35b46c56003a60516339419ccc75a3738bbcf7f83e52b8,15300630,0,48.0,0.0,48.0,48.0,64,96,34,64,20.2812,0,64,30241,441,12.0,Android,Android.Generic,MalwareBazaar
e9630dd62cb4a53f759d620884205b2c6a1fec90cb65f2c34334488cc826ee9d,20964324,0,27.0,0.0,27.0,27.0,18,26,10,18,6.1667,0,18,33629,13,12.0,Android,Android.Riskware.Installer,MalwareBazaar
ec2a717739947d3512513889bbecd9a0dac3fb65f8e171f8a0835abe8c1537e3,132610,1,39.0,0.0,39.0,39.0,66,103,39,66,20.2576,0,66,479,29,34.0,Windows,Laserv,MalwareBazaar
e904222262967fdd0d6e618a01dfb21404e5a520505af644ac989f38a8ca717f,4957184,0,20.0,0.0,20.0,20.0,2,1,1,2,1.5,0,2,4610,173,32.0,Windows,ACRStealer,MalwareBazaar
d418420aa4accfb887be12a22b277a1ea14a74bbb074debd1dc2cd341117ec1a,84950424,0,33.0,0.0,33.0,33.0,166,206,42,166,65.2831,0,166,142062,187,38.0,Windows,Win.Generic,MalwareBazaar
e98f4dbfc2c5bfe7d4f8f4a21bcab3a4f8b0a577c1f25b417371b9047eba6e66,909312,1,31.0,0.0,31.0,31.0,111,117,8,111,52.1802,0,111,2143,343,0.0,Windows,Emotet,MalwareBazaar
ead01383f9da349217fe53b2c3ac770c944861797678a8c374651e407ccdab66,184320,0,28.0,0.0,28.0,28.0,60,86,28,60,20.0,0,60,538,21,36.0,Windows,Fanny,MalwareBazaar
eb278ac27e080efc451d8f6d24c5b2ac708c28784d31639f5bb1d28cb0b15fe4,545280,1,36.0,0.0,36.0,36.0,103,124,23,103,42.2816,0,103,1134,10,22.0,Windows,Emotet,MalwareBazaar
eb76f62f4ba0718afd9b1bcccd6389a6043a4394a6769730f75f8e1f8b3752af,326136,0,10.0,0.0,10.0,10.0,8,16,10,8,2.75,0,8,328,1,30.0,Android,Arsink,MalwareBazaar
e15ebe6b60173a80a7fc6b421ad5bc59d72404eae2e71ff1b0cf530b20c1d886,13638915,0,38.0,0.0,38.0,38.0,54,73,21,54,19.537,0,54,26291,360,4.0,Android,Android.Generic,MalwareBazaar
e883b494df1db6b562b93761cdc79c53b2d73ac3b1158f9926621613ce012759,133120,0,21.0,0.0,21.0,21.0,26,30,6,26,10.9615,0,26,1886,97,0.0,Windows,Win.Injector.Generic,MalwareBazaar
e84dd033ec9f0cac86976b5d77fc58390aa116ffeb1142bd4440cb19fa79558d,1625088,0,60.0,0.0,60.0,60.0,5004,6246,1244,90,35.8681,13,404,6195,92,26.0,Windows,Win.Suspicious.Generic,MalwareBazaar
e72c98fa431036bbc76060a01631c68db349efeebfe566e08f5e9d3cb163ffc5,4764672,1,41.0,0.0,41.0,41.0,171,231,62,171,60.8012,0,171,6562,102,30.0,Windows,SnappyClient,MalwareBazaar
e7e2f8e9d085fed04549fcbd6d6f4374541c40ade814181b732d6075228683df,608885,0,14.0,0.0,14.0,14.0,16,31,17,16,4.625,0,16,412,1,0.0,Android,Mirai,MalwareBazaar
e7e8d69ea8ecab221f713879fe441f4c8a19501b0089aa97bc0c348df88efdda,110465,0,37.0,0.0,37.0,37.0,13,25,14,13,3.9231,0,13,180,1,0.0,Android,Mirai,MalwareBazaar
e8444339164268d9950b137d7a23f09eb213b9e9fedb7d4a025b5f1075e3929c,193536,0,13.0,0.0,13.0,13.0,581,683,104,40,19.8,11,347,196,1,38.0,Windows,Heodo,MalwareBazaar
e0cf76bcd1e71192d54e72c229616e5d0fc2ac20451272e317608b37d89582a8,1641984,1,47.0,0.0,47.0,47.0,151,195,46,151,56.6556,0,151,3165,31,30.0,Windows,DarkSideRAT,MalwareBazaar
e25fa1d0a29eaea8b9a60a2d39c73f147efd544d391a4a4e115df13534226481,95200,1,40.0,0.0,40.0,40.0,39,53,16,39,13.8462,0,39,297,15,26.0,Windows,Win.Packed.Generic,MalwareBazaar
e292d45072e4c2569785cbe4ea66daa355af74295bb8b266d5bfcf18d816b26b,423732,0,28.0,0.0,28.0,28.0,6,11,7,6,2.3333,0,6,642,2,0.0,Android,Android.Trojan.Overlay,MalwareBazaar
d90a158c16e8635a98d0597cdbfa320b326ca361702200ab0143de28098e32c8,424308,0,0.0,0.0,0.0,0.0,0,0,0,0,0.0,0,0,704,1,0.0,Unknown,Unknown.Generic,Local
e30457394a1155cb80d2c51170f98be3c246f716010d8ee7441a4971c2b8103d,792576,1,29.0,0.0,29.0,29.0,121,131,12,121,55.3471,0,121,1568,137,0.0,Windows,Emotet,MalwareBazaar
e36a7b5141a3a8eabd6fac3e22112f508b76dfeeb95e12dd6442de3685bab4f8,3072,0,2.0,0.0,2.0,2.0,16,22,8,16,5.75,0,16,38,2,0.0,Windows,Win.Generic,MalwareBazaar
e36fbebbd9a00db5c31da4e517edd42fc34b3ddd3a36c17060e1a28e6108b834,385024,1,23.0,0.0,23.0,23.0,62,68,8,62,27.8226,0,62,645,1,26.0,Windows,Emotet,MalwareBazaar
de5f128ee8537d5bcb1da064cac431b078711c1f23ffc194b3d99af6ad4fd1e2,19757234,0,96.0,0.0,96.0,96.0,70,121,53,70,19.5286,0,70,36822,1719,12.0,Android,Android.Trojan.Overlay,MalwareBazaar
e0171574e8d547f7ae80a7769ab84012feb1d97098dc9c5cfb04493a448fc28c,18938087,0,33.0,0.0,33.0,33.0,64,96,34,64,20.2812,0,64,55422,4005,4.0,Android,Android.Generic,MalwareBazaar
db569ce32ddc273252f865f249db01aaf577814a942ad3b4ed53f0210d772912,8097792,1,86.0,0.0,86.0,86.0,159,213,56,159,57.1069,0,159,38908,557,46.0,Windows,Amadey,MalwareBazaar
decb369af57bda89e618678901c0e82c77ce27ae0cabea5a70c958cd36dd1d57,1419912,0,26.0,0.0,26.0,26.0,140,161,23,140,60.4429,0,140,4225,247,22.0,Windows,Smoke Loader,MalwareBazaar
df384f9aaa8c3a194e2225d9f3b577d9bbda92f390ad15f3f812c3770909f9e8,2649555,0,49.0,0.0,49.0,49.0,12,29,19,12,3.4167,0,12,3788,3,4.0,Android,Android.Trojan.Overlay,MalwareBazaar
da14370b1171c104ed98bc9da510182995bc36dd0d18d70113fafde5a5071477,1635328,0,60.0,0.0,60.0,60.0,5032,6284,1254,79,33.0,13,403,6275,91,26.0,Windows,Win.Suspicious.Generic,MalwareBazaar
dd6bd18b879ab9ad503c4c091c480a8907d11767167d4ec8ac5ff4e9648dd104,254976,0,39.0,0.0,39.0,39.0,46,52,8,46,19.9348,0,46,3008,160,0.0,Windows,Emotet,MalwareBazaar
d9bdd75c2f3bdc67d6d44f211b170e3a5a9487719afe7430857178e60b988c2d,2179584,1,24.0,0.0,24.0,24.0,112,119,9,112,52.6786,0,112,5813,4,22.0,Windows,CoinMiner,MalwareBazaar
d787c7dd04ddb7ff7904970df06b24ffe4c5326581c1e273a00253bc0b9afae3,18457284,0,29.5,0.0,29.5,29.5,50,64,16,50,18.94,0,50,42240,352,8.0,Android,Joker,MalwareBazaar
da358ee183526c39b4f3d2172b7f21819d815f516c44a6c5c5a398ffe398f5da,48640,0,16.0,0.0,16.0,16.0,25,33,10,25,9.2,0,25,532,30,0.0,Windows,Win.Generic,MalwareBazaar
4cadc2410199dfadc1d71b19569e93080e0409ae003d8907d7b23402678ba570,1081842,1,29.0,0.0,29.0,29.0,121,131,12,121,55.3471,0,121,231,18,0.0,Windows,Emotet,MalwareBazaar
d8c0423df1e916ba240b74112599bce944ab17bf55b03a7912f63718ff8e6c53,58368,0,13.0,0.0,13.0,13.0,581,684,105,37,18.5135,11,345,147,1,38.0,Windows,Heodo,MalwareBazaar
e901dcfb4d25e5c698da05f89e15acf593ccdb6f21db04bf779c30e99b9010c6,16891,0,0.0,0.0,0.0,0.0,0,0,0,0,0.0,0,0,24,1,0.0,Unknown,Unknown.Generic,Local
d778ecb3738036fe02b0cc768417d7f4101d2c22111ae3c4cddc6489802b2d4b,431618,0,37.0,0.0,37.0,37.0,7,14,9,7,2.5714,0,7,889,1,4.0,Android,Android.Trojan.Overlay,MalwareBazaar
d6a2869ee450abd15fbd16519d83271f9c60dcba79540675da72726a767f1bc5,2908147,0,18.0,0.0,18.0,18.0,11,17,8,11,3.8182,0,11,10401,270,8.0,Android,Android.Generic,MalwareBazaar
d41a27ee5d4b12f6c94e73cc453c69b20ff92ce29823b0ff5bcc50c0d61f826e,119568,0,38.0,0.0,38.0,38.0,27,65,40,27,6.2222,0,27,254,1,30.0,Android,Arsink,MalwareBazaar
ceec4a8c3e789ee5bd081661fa8e74342f8609ffc32d20c3f2626c4d22723989,7170502,0,37.0,0.0,37.0,37.0,138,165,29,138,57.0217,0,138,24081,5977,32.0,Windows,RustyStealer,MalwareBazaar
d4306793db4a81f08309f90f6698596540360305eb61317cfe9c485fa589d263,250880,1,31.0,0.0,31.0,31.0,46,53,9,46,19.9348,0,46,737,8,32.0,Windows,Emotet,MalwareBazaar
d4ac44b7f6db48eca45b5a6c466d32472bb55d9e90371d801dfb63c75aa61123,2056832,0,26.0,0.0,26.0,26.0,140,161,23,140,60.4429,0,140,5549,277,16.0,Windows,Vidar,MalwareBazaar
d5487f85460486ebc0b5e31cbcd6b88ac7db069a09b51595a95d74f80776ba64,809472,0,20.0,0.0,20.0,20.0,111,117,8,111,52.1802,0,111,5157,301,0.0,Windows,Win.Generic,MalwareBazaar
d2d4f3c29e7b3d82747203bf108828714613c8762efb9150b8bd13b4b16d560a,1008440,1,47.0,0.0,47.0,47.0,142,174,34,142,56.6549,0,142,2055,56,22.0,Windows,Win.Packed.Generic,MalwareBazaar
d31afbeed9cfdb323aed6a4d1ae74ddd9d50b25474913d7bef8a3ff3299adff5,94208,0,0.0,0.0,0.0,0.0,41,53,14,41,15.3659,0,41,29,1,0.0,Windows,AdaptixC2,MalwareBazaar
d33a08e10593effc2e5bd990a67c3759bfdeebf6d91ec5055d4bd4ad5fa07b43,383488,1,23.0,0.0,23.0,23.0,61,67,8,61,27.3279,0,61,685,1,26.0,Windows,Emotet,MalwareBazaar
d41329e084ad90a62c37e906f18e1089002f4d5e7c5ce123f7753da90e410372,4770986,0,22.0,0.0,22.0,22.0,6,8,4,6,2.5,0,6,14577,263,30.0,Android,Arsink,MalwareBazaar
d22d9a9147b8c5b78a60e0775993ad103b6674d2f8468b5b58fae1b23b1561a3,2080806,0,24.5,0.0,24.5,24.5,7,14,9,7,2.5714,0,7,11639,269,4.0,Android,Mirai,MalwareBazaar
d120c25f77b8dfe9182aa2ac5ce44b8ca76ab77e12b65f98620069c07cbf8ccd,978944,0,33.0,0.0,33.0,33.0,155,212,59,155,54.6129,0,155,1203,67,48.0,Windows,Emotet,MalwareBazaar
cd8df31a2f6ffc80ceb8152c0c0f687b0f0d3e896163163a50cc03808b712efb,1033728,0,50.0,0.0,50.0,50.0,9321,12066,2747,80,34.8,15,352,4279,66,48.0,Windows,Win.Suspicious.Generic,MalwareBazaar
cf363f44fb75c84ba52264bfed96d54a4c6a1376aab75e38e8f2b6973db18e93,1057280,0,23.0,0.0,23.0,23.0,134,161,29,134,55.0672,0,134,672,50,22.0,Windows,Yunsip,MalwareBazaar
d07e58393036362b47d85ef55b250f67dc5880cfb59b463e0e454af8fe096592,221288,0,21.0,0.0,21.0,21.0,68,93,27,68,24.1765,0,68,720,14,22.0,Windows,Emotet,MalwareBazaar
ceb0531da29f76ad3bc86795f8dac3c5f04de044deb175ba79c850b0d57a8a3b,733696,0,48.0,0.0,48.0,48.0,5848,7371,1525,73,30.7534,16,343,3550,57,30.0,Windows,Win.Suspicious.Generic,MalwareBazaar
cdc057b7c772e3ac5f6074b374c0c7fd7903ca5aa3fa19e45ef9c4921e11c89c,609792,0,18.0,0.0,18.0,18.0,115,141,28,115,45.8261,0,115,1419,79,6.0,Windows,Emotet,MalwareBazaar
cdc51734d5dc594256d3bd58c0cfb26821b88f9d782cd9d84f73779f7086c83b,121344,0,26.0,0.0,26.0,26.0,58,83,27,58,19.6379,0,58,683,13,44.0,Windows,Win.Generic,MalwareBazaar
ce7d25b4f5fdee33a3b1f72c92abb2c907a2dc8347442fb8c7940e9616a17dc8,1610792,1,47.0,0.0,47.0,47.0,116,124,10,116,53.7586,0,116,1783,104,0.0,Windows,MimiKatz,MalwareBazaar
cbc0acf15888581c45998c59c1ab23f0994a0e0af1b85f60db9e2de2b0d86297,3840869,0,25.0,0.0,25.0,25.0,144,170,28,144,59.9583,0,144,6585,24,32.0,Windows,Socks5Systemz,MalwareBazaar
cbf644b3dc49a4148301cb941e3b693615a3e2b61169fc62a23fe59184297a1f,384512,1,23.0,0.0,23.0,23.0,61,67,8,61,27.3279,0,61,657,1,26.0,Windows,Emotet,MalwareBazaar
ccfeb50d9a9eadf66635a9506c1b3b1eeff8139b7c47f81301693d86786007e6,84480,0,13.0,0.0,13.0,13.0,583,685,104,39,19.2308,11,346,222,2,38.0,Windows,Heodo,MalwareBazaar
cd13a9a774197bf84bd25a30f4cd51dbc4908138e2e008c81fc1feef881c6da7,258048,0,13.0,0.0,13.0,13.0,66,84,20,66,25.1667,0,66,232,3,6.0,Windows,Emotet,MalwareBazaar
c9154056cf3146bd3249de862fca6ceccd6eb020095aa889ce7d9da08c3d314b,26509148,0,69.0,0.0,69.0,69.0,42,74,34,42,11.7857,0,42,150476,11142,8.0,Android,Android.Trojan.Overlay,MalwareBazaar
cb86017411708eb6e5384fc0288b0ec4692ea45ef38586b7c67f99148e1117c3,17790527,0,31.0,0.0,31.0,31.0,25,34,11,25,9.2,0,25,58914,4128,4.0,Android,Android.Riskware.Installer,MalwareBazaar
c8ad064a42c35e8d271f67dab37d5131f1ff31e673846c50644b10080f76c9fb,989696,0,46.0,0.0,46.0,46.0,7849,10228,2381,81,34.3827,13,389,4174,63,48.0,Windows,Win.Suspicious.Generic,MalwareBazaar
c9783969d5474b7035fab8eb6acfedd475ec7297cd8042f5a188b21c48b9491a,1251739,0,22.0,0.0,22.0,22.0,141,171,32,141,56.9291,0,141,3137,57,22.0,Windows,Emotet,MalwareBazaar
ca8d3b9644916b4772e624477964166d2a89ed16623541d66bb59bb2f40f491e,110487,0,37.0,0.0,37.0,37.0,13,25,14,13,3.9231,0,13,185,1,0.0,Android,MossadProxy,MalwareBazaar
cadcce6d4088c72fd0779d59d00f5753eaab585a263e3c92374df29ae767ac15,2441463,0,41.0,0.0,41.0,41.0,6,12,8,6,2.1667,0,6,6896,69,8.0,Android,BankBot,MalwareBazaar
c5cc20ef48e8c9cd6cf76d8a9d8cc6a04ad4985bd2c86d461beeece88e4fccc9,27634201,0,35.5,0.0,35.5,35.5,101,129,30,101,38.3762,0,101,66345,516,4.0,Android,Joker,MalwareBazaar
c90957ae325f7ecd6d23004503133a029fe0691e0542afb2a2b335c4841622ac,606720,0,16.0,0.0,16.0,16.0,89,95,8,89,41.2247,0,89,2304,152,0.0,Windows,PureHVNC,MalwareBazaar
c7bbc23fcf86f5397b98f79d10511dbd3aa7df2ef8f8eb73e2c08164c8521d50,58368,0,13.0,0.0,13.0,13.0,491,571,82,35,17.4857,12,341,135,1,38.0,Windows,Emotet,MalwareBazaar
c8082b6b6e3f681fefa98762c23a8dc2895e6e56eeba56a2b0e7dba3d3b2c154,78275,1,20.0,0.0,20.0,20.0,24,30,8,24,9.3333,0,24,238,1,22.0,Windows,Floxif,MalwareBazaar
c7aa94a5b60a7ebcb1efcd3649e93fcdd9c9cc7555b217af26055ad37dadad1d,6894592,1,66.0,0.0,66.0,66.0,180,241,63,180,65.0111,0,180,17592,357,42.0,Windows,Win.Packed.Generic,MalwareBazaar
c6708166e0a6bf3484200fd6dd1569d89e81c36ffd76ff2ab5820b06fd2d5b54,17888843,0,31.0,0.0,31.0,31.0,25,34,11,25,9.2,0,25,59550,4132,4.0,Android,Android.Riskware.Installer,MalwareBazaar
c6bf217cef89d4f7adadcca70288dbdc2b6f892f12ec95830e3468fa0871fe15,186408,1,47.0,0.0,47.0,47.0,55,80,27,55,18.3091,0,55,329,22,50.0,Windows,Floxif,MalwareBazaar
0d0f6cc5d500959a1566f539dc1ff669f29a2a50fd61c5fce2e5113b5064bbd7,166368,0,0.0,0.0,0.0,0.0,0,0,0,0,0.0,0,0,232,1,0.0,Unknown,Unknown.Generic,Local
c730e6287aa786e04d22daa4e6c77b504cdf80dc4f09877a15bc79bac84403f6,407552,1,29.0,0.0,29.0,29.0,64,70,8,64,28.8125,0,64,1113,30,0.0,Windows,Emotet,MalwareBazaar
c75e18c53ce8a1613cccc63209ca34d4a0ba1c6a1b664bede595be3cd7bb30c9,2355840,0,26.0,0.0,26.0,26.0,140,161,23,140,60.4429,0,140,5753,277,16.0,Windows,Win.Generic,MalwareBazaar
bf664aecde67824142fd5cc34bd7230afbf99a0d4018df13e96b9560be073e6b,16756736,1,88.0,0.0,88.0,88.0,159,213,56,159,57.1069,0,159,58558,2450,46.0,Windows,ACRStealer,MalwareBazaar
c23947d93c6add656e128bae1bb828eacbc622c27b080202a98c8ce1664293e9,6892968,1,66.0,0.0,66.0,66.0,180,241,63,180,65.0111,0,180,17614,358,42.0,Windows,Win.Packed.Generic,MalwareBazaar
c50e81a377e8fac1e4e3dcce634868443c60c83dd20a98dc320317603023b17a,786944,1,22.0,0.0,22.0,22.0,9,8,1,8,4.25,0,8,2108,2,22.0,Windows,Win.Packed.Generic,MalwareBazaar
c25c1698395a2edd315158035660df240ab7e5cd43288fa87f207e07eec82d56,3734528,1,21.0,0.0,21.0,21.0,132,148,18,132,58.1818,0,132,4705,3,12.0,Windows,Emotet,MalwareBazaar
c64ca381d3329fbaea7e63fa5dd2a07c60ca3e267c882121e34837074fd81ac9,314527,0,18.0,0.0,18.0,18.0,103,137,36,103,37.3204,0,103,504,13,16.0,Windows,Emotet,MalwareBazaar
c0a5e2237ef1901c7a3ee2c15290c8db625a1cb9659e99a86ee474460533aa32,407552,1,29.0,0.0,29.0,29.0,64,70,8,64,28.8125,0,64,1085,31,0.0,Windows,Emotet,MalwareBazaar
be9154636a4d0408f08cac6914b6254f30a773863fbbd283210d2763a58e355f,22331502,0,61.5,0.0,61.5,61.5,145,176,33,145,58.8759,0,145,42798,399,4.0,Android,Joker,MalwareBazaar
bfc577ea1b9b326609d857e0c7ea4c7db5c382f86b3faeb92e9230da650b3af9,269784,0,45.0,0.0,45.0,45.0,9,19,12,9,3.0,0,9,407,1,30.0,Android,AhMyth,MalwareBazaar
bfedb58118e4047001ba71faf95380b61c1ea08f9664dbc208a83b24e4d4aff0,422168,0,38.0,0.0,38.0,38.0,92,122,32,92,33.4565,0,92,896,28,14.0,Windows,GuLoader,MalwareBazaar
c002e68f52de1b2b62013a82828245d8a956a075b87e220c3f6e1b2bfb220d19,574914,0,14.0,0.0,14.0,14.0,12,28,18,12,3.5,0,12,1129,2,30.0,Android,Arsink,MalwareBazaar
b38c9f871dc4735320464bb80219372a0ffe2b4f8750942b550576ace9b012b8,91018232,0,40.0,0.0,40.0,40.0,137,167,32,137,54.9854,0,137,148332,31,14.0,Windows,Win.Suspicious.Generic,MalwareBazaar
bc330757e04b4288f56c156273bf486b4f94c8665f52c4888db8fe63b9df923e,1406464,1,29.0,0.0,29.0,29.0,111,117,8,111,52.1802,0,111,3005,71,0.0,Windows,RemcosRAT,MalwareBazaar
bc5c22289244aaf9918844f24121d4c5012feb63a270d6f40a386017155881c4,58368,0,13.0,0.0,13.0,13.0,581,684,105,37,18.5135,11,345,146,1,38.0,Windows,Heodo,MalwareBazaar
bd73efeddb6769a8b1f068a6f4361f042e838aaaa55cae27bb2f1be4d0f3237d,283648,1,15.0,0.0,15.0,15.0,39,41,4,39,18.1538,0,39,463,1,0.0,Windows,Formbook,MalwareBazaar
bbb41ec382738c0ee5b94d023f023209928ca98893f146a8cfdaa608afe7b4e6,472124,0,10.0,0.0,10.0,10.0,6,13,9,6,2.0,0,6,349,2,30.0,Android,Arsink,MalwareBazaar
ba71c7e507e1b0d8202447f9f86f585286b4ab01b58c7e32bb4f495381ef5004,173019,0,23.0,0.0,23.0,23.0,8,15,9,8,2.75,0,8,513,2,30.0,Android,Arsink,MalwareBazaar
ba4523a750e08070207256b70cbb3d096b19f711eab47eace3abf7313b377126,35490459,0,59.0,0.0,59.0,59.0,180,253,75,180,61.3111,0,180,52800,971,56.0,Windows,Win.Suspicious.Generic,MalwareBazaar
ba8906f01e04796f2dd32f436dcc03dbe11b0697f5e7b9c64166f2287e868214,743424,0,30.0,0.0,30.0,30.0,166,227,63,166,58.4759,0,166,2868,102,30.0,Windows,GCleaner,MalwareBazaar
bbeac5cab525a496b411f42c7ef95bd5f33241c7f5a22f65b6bad71e96bf5a30,815822,0,23.0,0.0,23.0,23.0,135,158,25,135,57.1556,0,135,1899,20,26.0,Windows,Vidar,MalwareBazaar
b85edd0293e86aac225f74bf738fcd6b682c327884d39f7adbee94a6d327c0bd,102400,1,28.0,0.0,28.0,28.0,496,576,82,36,17.9167,12,342,306,1,38.0,Windows,Heodo,MalwareBazaar
b89bb816db8bea450d07317c1212e49596c360e97eb2d0cbd37defbaf62e0651,19968,0,20.0,0.0,20.0,20.0,17,23,8,17,6.1765,0,17,351,17,0.0,Windows,Win.Generic,MalwareBazaar
b9047ded41187be3c15d0d183e4fdd3d38c8f2fe16dcc495a68d12e5c7ff0f8c,1439738,0,22.0,0.0,22.0,22.0,6,10,6,6,2.5,0,6,3503,56,8.0,Android,Kimwolf,MalwareBazaar
b9abdf181a8746c43cd3665ce5c45ff33ddb8916b400454a26b2cb3e346bc194,56320,0,12.0,0.0,12.0,12.0,21,27,8,21,7.9524,0,21,382,17,0.0,Windows,Win.Generic,MalwareBazaar
b9de8a6dfc4d7d04b31b9ad025430854e0c68e6bbe2e51b7344128d8f4f492f6,1691136,1,59.0,0.0,59.0,59.0,168,237,71,168,57.0,0,168,4780,156,86.0,Windows,PhantomStealer,MalwareBazaar
b45d65f3bc682539ccebd90d783974d6c58e0a759c76888698a4f0031b1bb9dd,8391320,1,74.0,0.0,74.0,74.0,159,213,56,159,57.1069,0,159,34167,874,46.0,Windows,ACRStealer,MalwareBazaar
b58feae5380a19b70a67c6885f567ca82104fd5567cc0e6088ec3000f681172c,1644032,1,47.0,0.0,47.0,47.0,152,196,46,152,57.1316,0,152,3183,31,30.0,Windows,DarkSideRAT,MalwareBazaar
b6dac05e61ee711e5e56ab6dea94ae3d400897ecc76544a0c6fd9817ac91ec88,312320,1,33.0,0.0,33.0,33.0,83,110,29,83,30.5301,0,83,1551,20,6.0,Windows,Emotet,MalwareBazaar
b7a478e7776d7f54b9c39bb03b685ab5892d4d802954b08443d5678319c81f76,169411,0,27.0,0.0,27.0,27.0,58,85,29,58,19.1207,0,58,389,22,50.0,Windows,Floxif,MalwareBazaar
b7fa1e5cefb7f5ad367271f29bde8558566c17da169b5dac797c79beb3fc4531,74752,0,12.0,0.0,12.0,12.0,24,30,8,24,9.3333,0,24,1166,253,0.0,Windows,AsyncRAT,MalwareBazaar
b841402ba599fba5dc3b4775aa53e26445a49c4d7df1fa8e64d26c4cc16c5083,383488,1,23.0,0.0,23.0,23.0,61,67,8,61,27.3279,0,61,669,1,26.0,Windows,Emotet,MalwareBazaar
b1a8941063751656e11bbc6ab44d348cd6795d51bfc890424595c4ac76e52013,5416035,0,39.5,0.0,39.5,39.5,11,20,11,11,3.7273,0,11,10183,39,0.0,Android,SpyNote,MalwareBazaar
b3c1d5fc273d19556b09f935b9b09b782b113b98a8a010ebcbb5de5bfce77e67,169080,0,34.0,0.0,34.0,34.0,15,34,21,15,4.1333,0,15,272,1,12.0,Android,CECbot,MalwareBazaar
b40f5ba66686797e3bb726660c4cb9a8e063d403b80e0e7449772a446427e106,2827264,0,53.0,0.0,53.0,53.0,148,187,41,148,57.3378,0,148,16410,311,38.0,Windows,Win.Suspicious.Generic,MalwareBazaar
b14796f548ec07d8946491ba268f4d4cca035d1f47ef262f8e39eaa921a9f30d,2134297,1,26.0,0.0,26.0,26.0,133,149,18,133,58.6767,0,133,13676,2224,16.0,Windows,Emotet,MalwareBazaar
b1586fa715a867e6c983818cd9e07fa6123d444a263b410de6fba5e97319fad2,365568,0,14.0,0.0,14.0,14.0,59,65,8,59,26.339,0,59,4438,258,0.0,Windows,SheetRAT,MalwareBazaar
afaab76f446dc734de64c1d94e0dd1ae850a01c69fde12ccb98bacb98df82e9d,15696939,0,39.5,0.0,39.5,39.5,48,75,29,48,14.875,0,48,28930,31,12.0,Android,Android.Riskware.Installer,MalwareBazaar
b1d12e87ce9cda9056644c162768ff0d4eda80cf43a1d74875657233dad64928,543744,0,16.0,0.0,16.0,16.0,81,87,8,81,37.2469,0,81,3360,107,0.0,Windows,DarkTortilla,MalwareBazaar
b375e37ee678d8fa056e06cfeccbe1077d517365a46981a811adb637ba5c838c,775917,1,39.0,0.0,39.0,39.0,153,185,34,153,62.0,0,153,4502,120,32.0,Windows,Emotet,MalwareBazaar
af25f41c391b829095850fd1d4f2ca3765c330610d596b0a5a86efbb836d700f,829440,0,35.0,0.0,35.0,35.0,4850,6298,1450,82,34.7317,9,407,3690,54,6.0,Windows,Win.Generic,MalwareBazaar
b0e1beb8efa31915bb0391e97993f6a6774feda87f1b61d67f9d3c8bb6308b12,1716736,0,20.0,0.0,20.0,20.0,10,11,3,10,4.5,0,10,9658,150,0.0,Windows,ACRStealer,MalwareBazaar
af286b9259c6b1ef24457a9de39fcd9f961f7521d063fbd47135af20a7f601d5,1561088,1,31.0,0.0,31.0,31.0,111,117,8,111,52.1802,0,111,4307,239,0.0,Windows,DCRat,MalwareBazaar
a4c267819d38e8c1e85e1764115032db61bf8985711d4a5a3384891404a176fe,7704494,0,58.0,0.0,58.0,58.0,31,42,13,31,11.3548,0,31,13272,122,12.0,Android,Android.Trojan.Overlay,MalwareBazaar
a4e1a5b0197b59eb99538327584f8294e81259fd704c281469ec6b7ab7a2c046,5410089,1,37.0,0.0,37.0,37.0,135,158,25,135,57.1556,0,135,9957,27,12.0,Windows,Emotet,MalwareBazaar
a549cf015c44ad2571cacf2820869e00b44fab9ca95b002a7bdc27e7848e533f,880128,1,65.0,0.0,65.0,65.0,133,158,27,133,55.3684,0,133,3178,40,34.0,Windows,Emotet,MalwareBazaar
a5a00f206182c8e732f580b520af49f2b5a33c93676f15e8eadb5d1eba6ed497,821248,1,31.0,0.0,31.0,31.0,111,117,8,111,52.1802,0,111,1880,24,0.0,Windows,Emotet,MalwareBazaar
a6964b245e70a97f8633616ede2122a72b6e159a70874beb1d8b3aba26b510dc,383488,1,23.0,0.0,23.0,23.0,61,67,8,61,27.3279,0,61,645,1,26.0,Windows,Emotet,MalwareBazaar
a6fc0d90ecf6a9b8904c9c0a326b034ceaafb715054b9ca52272c9f55baedb5e,638464,1,44.0,0.0,44.0,44.0,118,144,28,118,47.2797,0,118,1786,22,30.0,Windows,Socks5Systemz,MalwareBazaar
a9c7e502c49b3fe1d23e124f15ffbd7a42e9646ba46ae00669db60ff7d46a6e0,3584,0,5.0,0.0,5.0,5.0,16,22,8,16,5.75,0,16,42,3,0.0,Windows,Win.Generic,MalwareBazaar
a7d32bdbb4d6f252707a1a16e14148a51959bc6bc68a2719742337f8a52ff179,1114624,1,38.0,0.0,38.0,38.0,120,138,20,120,51.4167,0,120,1853,21,32.0,Windows,Emotet,MalwareBazaar
aa0cbe599839db940f6cc2f4ca1383dbb9937b8c7dd6460847c983523cd63c39,491703,1,34.0,0.0,34.0,34.0,76,83,9,76,34.7632,0,76,1408,5,32.0,Windows,Emotet,MalwareBazaar
abe40b94157ba52d6f3c588b22f745954f1bb80188cb912b14457a998407eac1,348160,0,22.0,0.0,22.0,22.0,100,143,45,100,33.56,0,100,815,21,0.0,Windows,DarkSideRAT,MalwareBazaar
aaaa89488caf328bea8e56fa95cae69124a561ec97594b686c93cfdd24f13e96,1102717,0,53.0,0.0,53.0,53.0,23,47,26,23,6.3478,0,23,1447,0,0.0,Android,Katana,MalwareBazaar
acabefc5923cee3030c68a69a356b2bfbdda0b55e14c088694995f1737793fa5,40448,0,13.0,0.0,13.0,13.0,452,524,74,21,11.0,12,343,89,0,38.0,Windows,Heodo,MalwareBazaar
ac8e3f0dee44c2daa3fab6917ce4389d25941b39ee17142497268fda113ff101,1316866,0,21.0,0.0,21.0,21.0,172,233,63,172,61.2674,0,172,2511,90,32.0,Windows,Emotet,MalwareBazaar
ae87e247ec3b1fb23412297b90473a1641fb4ce0d5142b92da4b07283996ed88,1292026,0,30.0,0.0,30.0,30.0,10,19,11,10,3.2,0,10,1961,24,4.0,Android,JackSkid,MalwareBazaar
a2c509d0b0fcee3bc503bd12986da2d29c74ebcd37abb1af8988f7f26382663d,5026568,0,30.0,0.0,30.0,30.0,6,11,7,6,2.3333,0,6,13916,268,0.0,Android,Android.Suspicious.Generic,MalwareBazaar
a26c07ad66b966d3c610ff11ee594dd0b14c332a57f66ce3d32610191176ceb0,12150187,0,26.0,0.0,26.0,26.0,17,29,14,17,5.2941,0,17,25414,342,8.0,Android,Joker,MalwareBazaar
a3f487bbe5ac9a9eb3556e9612c7a16177ea2767783e9401a6643765b1ee39b3,197627,0,10.0,0.0,10.0,10.0,6,9,5,6,2.5,0,6,219,1,30.0,Android,Arsink,MalwareBazaar
a45317c374d54e322153afd73f0e90f1486638d77b7fd85746d091071bbecd59,188416,1,30.0,0.0,30.0,30.0,39,46,9,39,16.5128,0,39,573,5,22.0,Windows,Emotet,MalwareBazaar
a38855faacdedfd1f5db37de625aa64b6d02bab6d018ddb46389023ffd13cc53,3806208,1,38.0,0.0,38.0,38.0,135,159,26,135,56.3481,0,135,6849,25,32.0,Windows,SalatStealer,MalwareBazaar
a4b07204b33173093041072e00e88d0083c88b88f634561aabe46ec8992f9332,406528,1,29.0,0.0,29.0,29.0,64,70,8,64,28.8125,0,64,1118,30,0.0,Windows,Emotet,MalwareBazaar
9c97d3197c004bc0b28561209d29a4d79703812a790a6f5ed6cbd62542b05371,11651730,0,39.5,0.0,39.5,39.5,82,108,28,82,30.061,0,82,25764,341,8.0,Android,Joker,MalwareBazaar
a2b1bbcb751968a7d851e85184b1a4496a69f81f82f7a88f8b68fdd3842de8f6,128000,0,24.0,0.0,24.0,24.0,54,77,25,54,18.3889,0,54,816,19,40.0,Windows,Win.Generic,MalwareBazaar
a0a8857e8a65c05778cf6068ad4c05ec9b6808990ae1427e932d2989754c59a4,203776,0,13.0,0.0,13.0,13.0,74,98,26,74,26.9595,0,74,153,3,10.0,Windows,AdaptixC2,MalwareBazaar
a12a1b3fd111b6ad03f830176b8742c7aead54a2a137d7944c2b067c04196cf5,829440,0,16.0,0.0,16.0,16.0,111,117,8,111,52.1802,0,111,6595,949,0.0,Windows,Win.Generic,MalwareBazaar
a14c14f00c09d47c7d8d74d6c3f718c4fd74d0812ca39cd10860d402885a61e4,2060416,0,30.0,0.0,30.0,30.0,145,168,25,145,62.0759,0,145,5451,282,16.0,Windows,CryptOne,MalwareBazaar
9fb8a940492ee6095a24b4a34ecfa252a515fb681f16636a8f00b1e0e7d47fe2,780761,0,10.0,0.0,10.0,10.0,6,9,5,6,2.5,0,6,1679,2,30.0,Android,Arsink,MalwareBazaar
9c4315dad05f9f70982630ff023a6073d6badaed840130ce1342ca9ebf3bb5d1,3003191,0,18.0,0.0,18.0,18.0,11,17,8,11,3.8182,0,11,10854,270,0.0,Android,Android.Generic,MalwareBazaar
9e22f04ea9205b5c5cb910ef9be7709b38b189a3d34384baacff53c754ce95bb,384512,1,23.0,0.0,23.0,23.0,61,67,8,61,27.3279,0,61,685,1,26.0,Windows,Emotet,MalwareBazaar
9e3a497a827876ab6b91eb532b3706f9ba4c0c22c86c9c049f21bb5add78bc36,286720,0,14.0,0.0,14.0,14.0,50,56,8,50,21.9,0,50,236,11,0.0,Windows,Emotet,MalwareBazaar
9eb79fff3b28dec8d404a6713b8e6a60535805c6e7d84c7e8ac9bdff5d1592cf,517565,0,45.0,0.0,45.0,45.0,11,23,14,11,3.4545,0,11,1987,55,8.0,Android,Android.Trojan.Overlay,MalwareBazaar
9efe4963f077696de97b18cff579bc0a7a317d7d533f92b014e47914d09cd3bd,940344,1,47.0,0.0,47.0,47.0,142,174,34,142,56.6549,0,142,2031,63,22.0,Windows,RemcosRAT,MalwareBazaar
a082e8c86a206f9e660c51c356fcf7804b0bac08951a7c55e06f13f5ae3cf1ae,1140736,1,59.0,0.0,59.0,59.0,168,237,71,168,57.0,0,168,3837,156,86.0,Windows,AgentTesla,MalwareBazaar
96cae9b475acfad02e5ebfcf3238974ec7ea01b4bb9046a1d69fa459616f2682,3265024,0,26.0,0.0,26.0,26.0,111,117,8,111,52.1802,0,111,20007,2067,0.0,Windows,QuasarRAT,MalwareBazaar
9af7541070c25f79e2366e02f5ea1adc762e51f01ba9821261242e166ab46dcc,3898880,1,57.0,0.0,57.0,57.0,159,199,42,159,61.9057,0,159,8917,594,50.0,Windows,Win.Packed.Generic,MalwareBazaar
9b545f2972a9962e46f3cd9f44931e267780211b04fd871a2907edda042f69af,4938240,0,20.0,0.0,20.0,20.0,2,1,1,2,1.5,0,2,4738,159,32.0,Windows,ACRStealer,MalwareBazaar
9c5516df77f3f4df40ba50112cf59822b49f909b7fd9dafc322a0dd62dc2e95b,3584,0,0.0,0.0,0.0,0.0,21,30,11,21,7.4286,0,21,20,0,0.0,Windows,Worm.Ramnit,MalwareBazaar
92871cbed3b8b6a65b0e50df893c015e6508572d7cde49b0a99ec61449a11d1e,4649522,0,56.5,0.0,56.5,56.5,23,43,22,23,6.7391,0,23,10599,102,4.0,Android,Android.Trojan.Overlay,MalwareBazaar
930084fcddfa8cf8a0db97413e824e5ef0b818ddc0b2af0db298563615bafb10,4452864,1,41.0,0.0,41.0,41.0,153,194,43,153,59.0196,0,153,19284,414,40.0,Windows,ValleyRAT,MalwareBazaar
959cceef4f8294a4b950aa279840954d3568fb196736defd74a844897d15676a,813874,0,23.0,0.0,23.0,23.0,135,158,25,135,57.1556,0,135,1934,20,26.0,Windows,njrat,MalwareBazaar
951c94809aa6c7ab587125f9d4df30fa6a49ee0cbba76a4b7ceedaaa0e5dcd36,3425931,0,39.0,0.0,39.0,39.0,12,26,16,12,3.5,0,12,5293,7,0.0,Android,Kimwolf,MalwareBazaar
98e9d4c596767f809f9113f89dbb485149bdaad7a15b3e5d8e6f5dede067ce7d,207872,0,15.0,0.0,15.0,15.0,9,8,1,9,5.0,0,9,627,65,0.0,Windows,CobaltStrike,MalwareBazaar
927ba539c524f8b7d6adef353d403730c6b3c3d9c5b949723b55d79a3b898543,4081664,1,36.0,0.0,36.0,36.0,159,191,34,159,64.9245,0,159,6786,14,22.0,Windows,Emotet,MalwareBazaar
8f6fb1e3f8c52a5e4d17836f3b018bff075924bfa1b2b469e4640d4b77b31129,15528960,1,88.0,0.0,88.0,88.0,159,213,56,159,57.1069,0,159,58607,2452,46.0,Windows,ACRStealer,MalwareBazaar
9165bc75e1a727c886b97c5dd3bdc42ed33d22f2895e8a830b94bd27fdeec2eb,5410086,1,37.0,0.0,37.0,37.0,135,158,25,135,57.1556,0,135,9907,27,12.0,Windows,Emotet,MalwareBazaar
911a4881341dc12dd59004e9133e8c0262dfb5ff5ed8c7f11f58367df65477bf,127488,0,13.0,0.0,13.0,13.0,582,684,104,38,18.8684,11,346,291,1,38.0,Windows,Heodo,MalwareBazaar
911d6563a5d67d135bc5e8c15ed2959411dda43c9de7c71f783298c04fef301b,58880,0,13.0,0.0,13.0,13.0,579,682,105,38,19.0263,11,345,132,1,38.0,Windows,Heodo,MalwareBazaar
8bfb283f8c52d7ff452c20957aaf939de6235b138771415cafc75851bc08ed7d,5763462,0,33.0,0.0,33.0,33.0,165,205,42,165,64.8,0,165,9695,179,38.0,Windows,OffLoader,MalwareBazaar
8c6973b9fc0f633310a2ff93b21ae85e6ed21f509b934d7548d7b7d6051d76da,180269,0,35.0,0.0,35.0,35.0,68,108,42,68,20.2941,0,68,615,45,30.0,Windows,Emotet,MalwareBazaar
8e9a315d42bbaed959f67c5457b11a4866a10b41663859bf868b17de1b6713a1,148992,0,11.0,0.0,11.0,11.0,41,57,18,41,14.1951,0,41,807,24,32.0,Windows,Win.Generic,MalwareBazaar
8e9c6aa5ea90ddd2c3199128e41de82c4d406b3d2d32ba34cf9d6b1f9c5a8f26,292151,0,10.0,0.0,10.0,10.0,6,9,5,6,2.5,0,6,605,2,30.0,Android,Arsink,MalwareBazaar
8c074302c958da156585c02265d99c984b79998ca87ae20bdea4710056bcfe21,5344256,1,69.0,0.0,69.0,69.0,159,213,56,159,57.1069,0,159,22239,216,46.0,Windows,ACRStealer,MalwareBazaar
8314ece95207ff28466d4fc8bf6cef22cc6e28fef47e9bede381b502f038b552,8680367,0,48.5,0.0,48.5,48.5,47,115,70,47,10.0213,0,47,21392,267,20.0,Android,Arsink,MalwareBazaar
86a5b8ece539b7a3093df6a734ff25f2ff3803096be2fee97d14d0c605fbbedd,58368,0,13.0,0.0,13.0,13.0,491,571,82,35,17.4857,12,341,136,1,38.0,Windows,Heodo,MalwareBazaar
89f57920aba3461bc035efd5678cc9e09b8fd36f2678c2ec326e3abcfac53d0d,58368,0,13.0,0.0,13.0,13.0,579,682,105,38,19.0263,11,345,147,1,38.0,Windows,Heodo,MalwareBazaar
8a65397ead6fe14c3bf0cbb52cce78e6e89827384fe303dc580f2721c99dd605,1087488,0,29.0,0.0,29.0,29.0,139,171,34,139,55.2014,0,139,2860,85,30.0,Windows,Amadey,MalwareBazaar
8afc54bfa6613c2f6012be11a2941cd2444a26e8cd10b0afd767e7476f58806f,69632,0,10.0,0.0,10.0,10.0,29,43,16,29,9.4828,0,29,277,4,0.0,Windows,Emotet,MalwareBazaar
8b07fca15e1a89b27c6d2ac8508b36315ac56683555bf962e793a6131ab97e4e,597692,0,30.0,0.0,30.0,30.0,10,20,12,10,3.2,0,10,1088,30,0.0,Android,JackSkid,MalwareBazaar
7b68d452bf402df7e3a0f04bc59e36dfee84800bfc0595fbf602f3f621c883c1,34725213,0,73.0,0.0,73.0,73.0,220,263,45,220,90.8,0,220,109218,750,4.0,Android,Joker,MalwareBazaar
822b541df8d54222c91889c923a65c7aff28ec372f211392213dd93d43d30c2a,15750763,0,41.0,0.0,41.0,41.0,49,67,20,49,17.2449,0,49,35465,167,8.0,Android,Android.Riskware.Installer,MalwareBazaar
825c433a93885727599aa9ce2d1b92074bfb4b12cdb390588cfccce36079c581,18432,0,42.0,0.0,42.0,42.0,35,55,22,35,10.7714,0,35,180,10,16.0,Windows,Phorpiex,MalwareBazaar
8043fce8f83dc87396532c20107397ebf5889f802cb588d26bbf0822b39ed27a,695976,0,35.0,0.0,35.0,35.0,164,226,64,164,56.939,0,164,2894,128,32.0,Windows,Emotet,MalwareBazaar
814cd115a30c5b4bfbb276524774a3ad2396e7f346c9f083983131b3e08200d2,782638,0,78.0,0.0,78.0,78.0,35,71,38,35,9.3143,0,35,3566,73,4.0,Android,SpyNote,MalwareBazaar
8166dfba7fd0b4ad44c8bc91cc0e98fa06b8912e3fca2093900eb58ba79d22d4,2441463,0,41.0,0.0,41.0,41.0,6,12,8,6,2.1667,0,6,6871,69,8.0,Android,BankBot,MalwareBazaar
7e17e9de1f6643f57b6cda4a921b025a9caf5689728b0af2f653887f41e2c318,4047872,1,22.0,0.0,22.0,22.0,132,148,18,132,58.1818,0,132,5330,4,12.0,Windows,Emotet,MalwareBazaar
7f69d97eb87360953ececb7d8cce0bfb175910b74fd9f139932086b260aa07b3,3756780,0,63.0,0.0,63.0,63.0,35,60,27,35,10.2,0,35,16326,313,12.0,Android,LazarusStealer,MalwareBazaar
7b316fc790e70e41b0c4a84021aaf6616826e0f9d8e1b114290ae9c797653999,8828928,1,29.0,0.0,29.0,29.0,111,117,8,111,52.1802,0,111,15707,200,0.0,Windows,CoinMiner,MalwareBazaar
7c7c027baabad9e9adfc97b05a53bea249995dd94b01777fd41d890f79525612,86016,0,13.0,0.0,13.0,13.0,493,572,81,37,18.6757,12,343,163,1,38.0,Windows,Heodo,MalwareBazaar
7d627999f40fd9c539410213828b168b11a7f16a04d6b0edc4b4f859ad65d2bc,473115,1,37.0,0.0,37.0,37.0,73,81,10,73,32.411,0,73,1475,14,32.0,Windows,Emotet,MalwareBazaar
16a33426361b131ba89ab11f4755addb3af26018f8615ce28f32d9bc49ead2d4,166372,0,0.0,0.0,0.0,0.0,0,0,0,0,0.0,0,0,281,1,0.0,Unknown,Unknown.Generic,Local
7adee043ce348ca26ee587f6f7ebc258924e70d848fe1e0cb7ec7e084977d990,1604608,0,60.0,0.0,60.0,60.0,5103,6447,1346,78,32.5823,13,403,6101,91,26.0,Windows,Win.Suspicious.Generic,MalwareBazaar
79cf69dfb121cfdd2652fc085ebbc4883d3c317e0af826655dfec2badc0d93e0,6003621,0,22.0,0.0,22.0,22.0,135,158,25,135,57.1556,0,135,10827,28,12.0,Windows,Emotet,MalwareBazaar
78878d33b2b48747694ce2fdb24e896cd9ba027b1d66c66c107cf415ed46b89b,7071157,0,65.5,0.0,65.5,65.5,56,93,39,56,16.2857,0,56,15565,251,12.0,Android,ClayRat,MalwareBazaar
78fb05a1970c5ca05c95a25ed769d4197c627fb4cd5448de7d84fb248e80296f,101808,0,37.0,0.0,37.0,37.0,13,25,14,13,3.9231,0,13,152,1,0.0,Android,MossadProxy,MalwareBazaar
7971da4b5b58fc85a6fb0917d7cf5b439e120486ddeb34c54fc772d86b7dea57,132608,0,21.0,0.0,21.0,21.0,26,30,6,26,10.9615,0,26,1886,97,0.0,Windows,Win.Injector.Generic,MalwareBazaar
7877401d04cefd50d20122e2758ff4ecc689bc75de31dc9503b611412f2ea8cc,10808320,1,76.0,0.0,76.0,76.0,159,213,56,159,57.1069,0,159,48794,2035,46.0,Windows,ACRStealer,MalwareBazaar
77472563931f3a24888298a3f770644f0d045997a20d0ccdbbac1363bbab62d0,188928,0,14.0,0.0,14.0,14.0,688,885,199,133,47.2279,17,356,68,4,10.0,Windows,Win.Generic,MalwareBazaar
76b4bbae58a2d240553c01fa0ae950527fb3009f983aceaaaa71649b4cdb4a7c,1946112,0,23.0,0.0,23.0,23.0,6033,5631,0,61,30.7463,26,400,17928,246,8.0,Windows,ACRStealer,MalwareBazaar
75fb0acb2fa6b15b19f97d14d431c6b7fc110358f59f6c3e33982ac515955331,13795873,0,29.5,0.0,29.5,29.5,19,28,11,19,6.5789,0,19,25347,146,4.0,Android,Android.Riskware.Installer,MalwareBazaar
76cdbbbd920cdc8a2b3ccbc33b39cdcfa344fb9bae0222b5ff376fa78d29b735,1305086,0,30.0,0.0,30.0,30.0,9,15,8,9,3.2222,0,9,2176,48,4.0,Android,JackSkid,MalwareBazaar
76232b1d67fea296f43b015207b6e1ccb1748cca1fc2b9a0224cbf33c542fb1a,5111808,0,20.0,0.0,20.0,20.0,2,1,1,2,1.5,0,2,4596,166,32.0,Windows,ACRStealer,MalwareBazaar
74e50e20c15b4d09920aba894c24dcbb92e491ef659eeb0a30e5f899894ea59c,2407975,0,66.0,0.0,66.0,66.0,150,192,44,150,56.8733,0,150,7713,400,32.0,Windows,Floxif,MalwareBazaar
74cc3547804d89c2d08c65e101446e28e89196ea05544ec4de2c8ad030132544,11775488,1,71.0,0.0,71.0,71.0,159,213,56,159,57.1069,0,159,30601,1054,46.0,Windows,ACRStealer,MalwareBazaar
7504898b17a9ce05eb9209128bcd0fb67d675a70c8c64f6f624d08b47b2fe3af,1952256,0,15.0,0.0,15.0,15.0,22,24,4,22,8.3182,0,22,7489,195,0.0,Windows,ACRStealer,MalwareBazaar
74aea14bcdd934fdc17eca1f8572ca3b2c22bde5c322ad0f64706cbf91862b41,20809744,1,38.0,0.0,38.0,38.0,157,183,28,157,66.3376,0,157,32009,51,4.0,Windows,CoinMiner,MalwareBazaar
5c9f3c404d5ea7405a236c01b8b598b3f794b246ec0c7e52450844518ebaf9f0,99599513,0,61.0,0.0,61.0,61.0,220,281,63,220,84.0091,0,220,225089,353,20.0,Android,Triada,MalwareBazaar
741aca19031424a134aed496b600b549c8b0852b020b805f8ed814533d433e53,65536,0,8.0,0.0,8.0,8.0,32,49,19,32,10.3125,0,32,346,13,0.0,Windows,Emotet,MalwareBazaar
73d01b435acb23edf723047c868d3b6e94559d59bdc2478089e9b3528492fc8a,7332628,0,78.0,0.0,78.0,78.0,35,71,38,35,9.3143,0,35,21663,345,4.0,Android,SpyNote,MalwareBazaar
744346bd46f139837bf2825206fa95d48ddf6dc078e341492b34b35743a0b297,410677,0,13.0,0.0,13.0,13.0,6,9,5,6,2.5,0,6,784,3,30.0,Android,Arsink,MalwareBazaar
72cc4362b7b6555efc9f0ae1a51724bbab72a19a1d707b43833b3ef68db9d001,13268808,1,45.0,0.0,45.0,45.0,145,177,34,145,58.1103,0,145,21832,37,16.0,Windows,SalatStealer,MalwareBazaar
7381168897d8d09b8570c8cd2efbf7f4209d1bfd4935360d6deecf77b562a7fa,3072,0,2.0,0.0,2.0,2.0,16,22,8,16,5.75,0,16,38,2,0.0,Windows,Win.Generic,MalwareBazaar
724dd5dad3c8c253663db43557712ac030b8228f9602030ff21ec61a5f9cb198,491593,1,34.0,0.0,34.0,34.0,76,83,9,76,34.7632,0,76,1418,5,32.0,Windows,Emotet,MalwareBazaar
7290353a3bc2b18e9ea574d3294b09e28edaa6b038285bb101cf09760f187dcd,179712,0,13.0,0.0,13.0,13.0,71,95,26,71,25.5634,0,71,154,3,10.0,Windows,AdaptixC2,MalwareBazaar
6e3c2366dba38e30a74c7d1a8790b55aea70c7da252e12fbf9d7d055911ac036,15861309,0,31.0,0.0,31.0,31.0,25,34,11,25,9.2,0,25,55636,4129,4.0,Android,Android.Riskware.Installer,MalwareBazaar
6e903365b95c58d682d2bf9022ee64c3d672870bede3ecc925022f32984358ca,940856,1,47.0,0.0,47.0,47.0,142,174,34,142,56.6549,0,142,2034,63,22.0,Windows,XWorm,MalwareBazaar
6f090c1a513f10aaf8d51f740de15f53bd2660ea2b48179dfbb9fd84bd7df807,571904,1,65.0,0.0,65.0,65.0,105,129,26,105,41.7333,0,105,2092,35,34.0,Windows,Emotet,MalwareBazaar
705c42dd63cd4b01a8a858d36948d58c824e67e1363df55183e4bb4dff6f1597,58880,0,13.0,0.0,13.0,13.0,503,585,84,36,18.0,12,342,145,1,38.0,Windows,Heodo,MalwareBazaar
70d0348face80ae89f7ff17f190f2a014f49decae63a5cfc2855ad9ebfd5f67e,58368,0,13.0,0.0,13.0,13.0,491,571,82,35,17.4857,12,341,128,1,38.0,Windows,Heodo,MalwareBazaar
689f36634c8bdef24108072891de18dc6382bd8954e78ce64b01755d8cea19c8,356352,0,13.0,0.0,13.0,13.0,492,569,79,33,17.0,12,343,130,1,38.0,Windows,Heodo,MalwareBazaar
698e1490e1d87b9ddd4136bae196709174ec8b9513f254bb42af45f640566291,3072,0,2.0,0.0,2.0,2.0,16,22,8,16,5.75,0,16,36,2,0.0,Windows,Win.Generic,MalwareBazaar
69f6938bd6fb402df9140b82e06d220b480768ed1ba47b4ecd9bf5124fba7e58,589312,0,18.0,0.0,18.0,18.0,119,145,28,119,47.7647,0,119,1434,88,6.0,Windows,Emotet,MalwareBazaar
6d58aefc8df90394a08e40b717146de9ecca92e87b667f14e33c13cfb6ca3e09,2758440,1,41.0,0.0,41.0,41.0,111,117,8,111,52.1802,0,111,17521,51,0.0,Windows,Win.Packed.Generic,MalwareBazaar
66d43a4b468333ffc209aa317e8752b8d67c2acc2dcde91e8aaefdeb19fd04e6,12322431,0,39.5,0.0,39.5,39.5,35,48,15,35,12.6,0,35,26154,62,20.0,Android,Android.Riskware.Installer,MalwareBazaar
677b0c49587c2ddc626b4e9a21aa161fad715abc8074ddacb553bd26f8eb4661,22016,0,70.0,0.0,70.0,70.0,55,83,30,55,17.3636,0,55,133,6,42.0,Windows,DonutLoader,MalwareBazaar
67d46c79cdd741bdff0446b1674035589023f82e1cbd6bb1666521ab1bd8b0cd,71168,1,30.0,0.0,30.0,30.0,23,29,8,23,8.8696,0,23,226,7,32.0,Windows,Win.Packed.Generic,MalwareBazaar
6828dcb4d6526999c531a4cb47a78fa1f2c16902256f0d309b051208410c1270,1296760,0,30.0,0.0,30.0,30.0,9,15,8,9,3.2222,0,9,2164,48,4.0,Android,JackSkid,MalwareBazaar
5fac6cd31ff0f16528342db837798bb0767bd8a6747177492df2bf74d4c51dab,571392,1,65.0,0.0,65.0,65.0,105,129,26,105,41.7333,0,105,2110,35,34.0,Windows,Emotet,MalwareBazaar
605d3f98e1ca4015f3c1ed75e66daa17bc08f1a93d454977a6c4f888a652ebb8,2056832,0,26.0,0.0,26.0,26.0,140,161,23,140,60.4429,0,140,5261,278,16.0,Windows,Vidar,MalwareBazaar
61ac11961911a76b3752982592e7903d621bf6c9cf51853cbdea3b18f7ff63fd,106116,0,17.0,0.0,17.0,17.0,6,10,6,6,2.5,0,6,453,3,0.0,Android,Mirai,MalwareBazaar
6469b020b69eda0df62411166d292141053219c4beaff2a9c4a62cf53d8c7ddc,1012224,0,26.0,0.0,26.0,26.0,111,117,8,111,52.1802,0,111,8337,529,0.0,Windows,CaminhoLoader,MalwareBazaar
648f4ee99b7c8bdb33376859eee319550cf0dba4493a7c947cac18ea7f6216c2,486400,1,31.0,0.0,31.0,31.0,61,61,2,30,11.6129,3,56,1313,4,22.0,Windows,Win.Packed.Generic,MalwareBazaar
6533f1457eedc39476100bdbb90be854461560b22e6ea99317e053eed9dd326b,78336,1,23.0,0.0,23.0,23.0,19,23,6,19,7.6316,0,19,701,614,0.0,Windows,Win.Packed.Generic,MalwareBazaar
5d4ad6640ec2846c1dfb439108cfad160beb850a541ec00980c20fc36e0944dc,8208936,1,57.0,0.0,57.0,57.0,130,151,23,130,55.5154,0,130,12986,234,20.0,Windows,Emotet,MalwareBazaar
5e48bbe1c62da18d4c0f2cca0f8855219c5a05f81c5fb64c1b4a0a6871fa8736,103094,0,10.0,0.0,10.0,10.0,6,9,5,6,2.5,0,6,194,1,30.0,Android,Arsink,MalwareBazaar
5af51f2ec97c8d378b521046ff7fa2af47e24a0d2e517060783f4ce04846f1ce,6414848,0,44.0,0.0,44.0,44.0,180,239,61,180,65.6667,0,180,19220,958,50.0,Windows,CoinMiner,MalwareBazaar
5d19ae63e0e62828f57e197b327fbb71d5827bce0557dee7ef1b1aa31df700bc,4153856,0,56.0,0.0,56.0,56.0,165,230,67,165,56.8,0,165,22283,266,64.0,Windows,Win.Suspicious.Generic,MalwareBazaar
5d3efd95113c0c2bf75aae8fc89d318123ecb178e4303b52cbf1ca7887357838,1065472,0,16.0,0.0,16.0,16.0,111,117,8,111,52.1802,0,111,3563,52,0.0,Windows,DarkTortilla,MalwareBazaar
fa73484d23b228d5f9418834800419942f362f8521a836c56cd0c1af697a39da,173153,0,0.0,0.0,0.0,0.0,0,0,0,0,0.0,0,0,281,1,0.0,Unknown,Unknown.Generic,Local
59ccd48279374377ac38f767764df31243b433c33a0df39daf005d950b5efba8,1097926,0,26.0,0.0,26.0,26.0,137,167,32,137,54.9854,0,137,2019,23,14.0,Windows,Emotet,MalwareBazaar
5a4eae20292dbcf6b7874bc5b7a77497da6d89438798daa40e84b29512decd84,58368,0,13.0,0.0,13.0,13.0,496,576,82,36,18.0,12,342,128,1,38.0,Windows,Heodo,MalwareBazaar
5a69c76991e5c1b6d2f46d9a300fa8902d3ff6fb6afcebeee91697743b0542b7,385024,1,23.0,0.0,23.0,23.0,62,68,8,62,27.8226,0,62,590,1,26.0,Windows,Emotet,MalwareBazaar
d06a04a57ebcd3be6c0f310966cef4892013d506a5b7daf5ebb8bcc46a05e608,32788,0,0.0,0.0,0.0,0.0,0,0,0,0,0.0,0,0,56,1,0.0,Unknown,Unknown.Generic,Local
580b39589c457f66e1feaa1f5e41830d1dc2091f31ec61dd393ca121bf3bed2e,8072614,0,43.5,0.0,43.5,43.5,73,101,30,73,25.2877,0,73,20089,322,8.0,Android,Joker,MalwareBazaar
5c852fd7458957b89d9b639c6cdede1dc9ab72c384661c4ebc0b3d201344133c,1525650,0,22.0,0.0,22.0,22.0,12,27,17,12,3.5,0,12,2201,25,30.0,Android,Android.Suspicious.Generic,MalwareBazaar
5c9b22633bb9c7f20fcd928e0093ac5debd1dabd7f42daa479725b5f2db38e91,1012224,1,36.0,0.0,36.0,36.0,174,237,65,174,61.569,0,174,3569,146,32.0,Windows,Emotet,MalwareBazaar
5cfee411d7ba4c997cb819bfa5f9c4993e20083a707af675945cd5c6ebc73fe1,809984,1,38.0,0.0,38.0,38.0,130,151,23,130,55.5154,0,130,1385,17,32.0,Windows,RustyStealer,MalwareBazaar
591d32aeae0554f744df8843727e794d33495ff0a4b90a9f7861ab526988ded7,58880,1,25.0,0.0,25.0,25.0,2381,3136,757,90,45.4725,25,338,60,0,0.0,Windows,Emotet,MalwareBazaar
5726b610b8df672e55f1368d32327b9c93fbe4734c3ded8307a4b4d3b927b9b1,10880512,0,38.0,0.0,38.0,38.0,143,181,40,143,54.9371,0,143,14090,12,28.0,Windows,Emotet,MalwareBazaar
59b0a83d7b4f07c0e6e1482f49fa1b1a7d9a33935af88348ea28ef81c8cec73b,118784,0,23.0,0.0,23.0,23.0,53,85,34,53,15.7736,0,53,383,30,22.0,Windows,Emotet,MalwareBazaar
595355daaa6aad284090210cd55c4a2e276c5263c83d2b202e1486d347af3701,4631421,0,22.0,0.0,22.0,22.0,6,11,7,6,2.3333,0,6,8456,12,30.0,Android,Arsink,MalwareBazaar
57580979dd87ab870adb9b179c4c89b614f8f432bec0f8e5ed9999a53c618805,1841288,0,26.0,0.0,26.0,26.0,140,161,23,140,60.4429,0,140,4310,248,22.0,Windows,Vidar,MalwareBazaar
57a0c3e671cca3737feec69673389805dafb16a59171d6c88184ee576c3cc532,3584,0,0.0,0.0,0.0,0.0,21,30,11,21,7.4286,0,21,20,0,0.0,Windows,Worm.Ramnit,MalwareBazaar
55e4a8425387a5ad4d63be81b36e39199d38ae6270828979440836708af1252c,16073841,0,31.0,0.0,31.0,31.0,12,20,10,12,4.0,0,12,50640,4005,0.0,Android,Android.Riskware.Installer,MalwareBazaar
53ff2c9e5a5c52c2c2b0b77383d61dd33d522dd9f087388d2251bd9a5fa13cee,10386330,0,47.5,0.0,47.5,47.5,121,136,17,121,53.595,0,121,71482,4913,16.0,Android,Android.Trojan.Overlay,MalwareBazaar
5612d72f0e7c57f029b1ee501f2dc400fae2358ff782aa9e8666eb0a92f3395b,486400,1,34.0,0.0,34.0,34.0,14,16,4,14,5.0714,0,14,1280,5,22.0,Windows,Win.Packed.Generic,MalwareBazaar
569ef3c50d8c1bb48729c04fc334f26f644ff799c7ba3a514610e85f53cca3d5,816790,0,22.0,0.0,22.0,22.0,6,8,4,6,2.5,0,6,2771,60,4.0,Android,Kimwolf,MalwareBazaar
56ac9eb8ca22f4b05b1d64872d4209440fc97413c1225141f268e22ae93d1edd,611902,0,30.0,0.0,30.0,30.0,11,19,10,11,3.7273,0,11,1095,35,4.0,Android,JackSkid,MalwareBazaar
5545062a887b83075d0dced66c75cc3beaf0268f68295f8a442565e2f5f8d3ea,6893256,1,66.0,0.0,66.0,66.0,180,241,63,180,65.0111,0,180,17369,361,42.0,Windows,Win.Packed.Generic,MalwareBazaar
57105a90e5e31454a355fb7d97d800f3645b151fe4ae207f76485f1105b9c18f,3584,0,5.0,0.0,5.0,5.0,16,22,8,16,5.75,0,16,42,3,0.0,Windows,Win.Generic,MalwareBazaar
56f6193794056ad2198ce52e11b84663eaa5a16a7e5aed0b0c054239a4e7f8b5,1558016,0,24.0,0.0,24.0,24.0,140,169,31,140,57.2143,0,140,2448,444,26.0,Windows,Formbook,MalwareBazaar
57179df82491963b6f773e7a5840c899d10b6847d104a9e4dd15a22c5bcb4e1e,643136,0,36.0,0.0,36.0,36.0,146,215,71,146,47.1301,0,146,1839,83,52.0,Windows,Emotet,MalwareBazaar
574244157302423f04971fb2c348a4ae598a67b15f1a2edda0b2ea3cfcc0a4d9,288780,0,26.0,0.0,26.0,26.0,76,106,32,76,26.0789,0,76,654,23,14.0,Windows,Emotet,MalwareBazaar
540dfbef1bc65462cac88ad24a6d5cea867d9b392e9f8ae66c20ee49f4002793,1578496,1,36.0,0.0,36.0,36.0,153,182,31,153,63.5686,0,153,17306,2006,22.0,Windows,Emotet,MalwareBazaar
2c5bc2c4ec802a3f138a7a94dbcdab2c915e885590d4756685f669a685fc4365,58368,0,13.0,0.0,13.0,13.0,496,576,82,36,18.0,12,342,136,1,38.0,Windows,Heodo,MalwareBazaar
024d729bb1340e093d8d114c925fc0cd3ec4b90592bee28d0ad59da8649857fa,367743,1,25.0,0.0,25.0,25.0,59,65,8,59,26.339,0,59,741,14,0.0,Windows,Emotet,MalwareBazaar
41e9efe5518a8cc6740f5f241b0a435335a27a538dbfad1751e85830fe5c05be,782848,0,24.0,0.0,24.0,24.0,157,209,54,157,56.8153,0,157,1908,69,46.0,Windows,Emotet,MalwareBazaar
16d78af06824bad0628cc7fdd2d3486e4eb0f17964a758351b4f3b088e065205,3593728,1,20.0,0.0,20.0,20.0,111,117,8,111,52.1802,0,111,5862,0,22.0,Windows,SalatStealer,MalwareBazaar
a73d13cdc00c5b35a03c7336f6de2c9a17fb3a5a7ba9b798e7e8e9a11e332f09,143541,0,0.0,0.0,0.0,0.0,0,0,0,0,0.0,0,0,235,1,0.0,Unknown,Unknown.Generic,Local
22fc997ac6c6a621ea50f6c15a124432e9a9e0c2f86bb9a9014b513207cacdf0,648920,0,28.0,0.0,28.0,28.0,119,148,31,119,47.0168,0,119,980,25,14.0,Windows,RemcosRAT,MalwareBazaar
0452908a27eb9abf853e8d1b099322a77f2ecb4096be26499457f844de273377,129024,0,13.0,0.0,13.0,13.0,580,682,104,39,19.3846,11,346,291,1,38.0,Windows,Heodo,MalwareBazaar
167d491785e99c6aec1e23ef064eceb9e7ac81af33262d7e3d3e51cc8759ce70,1564672,1,63.0,0.0,63.0,63.0,111,117,8,111,52.1802,0,111,3752,154,0.0,Windows,Emotet,MalwareBazaar
07cd03e2082bcb0b890cc59ce4c770d1a095ac6f1ae9cf999f5542555c56f841,1533440,0,27.0,0.0,27.0,27.0,111,117,8,111,52.1802,0,111,3862,377,0.0,Windows,Win.Injector.Generic,MalwareBazaar
372607bbdf97e253a8970876a4bb1c9419859a9b0bd9d421750f17c28995017e,829612,0,78.0,0.0,78.0,78.0,35,71,38,35,9.3143,0,35,3689,73,4.0,Android,SpyNote,MalwareBazaar
3eca2d75b0cfc8e13590a9d2e41691863dd3c7d3fe506f3ebf4c5bdacfd21451,338472,0,38.0,0.0,38.0,38.0,82,112,32,82,28.8171,0,82,745,29,14.0,Windows,GuLoader,MalwareBazaar
4b7ff1442740140182512514df9d8500de558339b868242a29f4dcd9b89c2861,654336,0,8.0,0.0,8.0,8.0,99,107,10,99,45.303,0,99,514,43,0.0,Windows,Vidar,MalwareBazaar
23468bb2042bb18d50f25d04d3a4d3a793e039a52a8dea9559e15289a95468ec,1311039,0,30.0,0.0,30.0,30.0,9,15,8,9,3.2222,0,9,2171,48,4.0,Android,JackSkid,MalwareBazaar
3cbdfbcb6ecb5bc2bdf5b8f1ce8c18b8f67c19ccfceb6cc21fb006f3916d4d61,845824,0,16.0,0.0,16.0,16.0,111,117,8,111,52.1802,0,111,7662,1121,0.0,Windows,Win.Generic,MalwareBazaar
2ccb45525205729f2412b3e39079b2fdef8939894bb208cf7bed413edf581535,241664,0,11.0,0.0,11.0,11.0,54,68,16,54,20.8333,0,54,806,19,22.0,Windows,Emotet,MalwareBazaar
02ac0e62a15f00a502e13803fe7595a1bb129959fdf78b95948dc8b4d34df969,374272,0,21.0,0.0,21.0,21.0,77,100,25,77,29.026,0,77,708,18,22.0,Windows,Emotet,MalwareBazaar
08039481f17de1a125763d6dadc9a91615fa027ad42a4f42d886b94063a94822,186368,0,0.0,0.0,0.0,0.0,42,50,10,42,17.2143,0,42,209,1,0.0,Windows,Emotet,MalwareBazaar
37e5f03feec4e01dda142afcafdaacc137cdfec4f895e80307785b9620caa25c,227328,0,4.0,0.0,4.0,4.0,62,76,16,62,24.6613,0,62,27,4,0.0,Windows,Win.Generic,MalwareBazaar
201cdcdf12ce24224cb1c7607220d99598cb1ebbde2ec4d2c2f2cf8783cab799,17786440,0,31.0,0.0,31.0,31.0,25,34,11,25,9.2,0,25,58990,4129,4.0,Android,Android.Riskware.Installer,MalwareBazaar
153818521e7c5e6dd8c0b1c9f2b48e14d8634f132a57ccc7b98e881702804c20,2497024,1,36.0,0.0,36.0,36.0,26,25,1,9,5.3077,0,26,4900,95,10.0,Windows,ACRStealer,MalwareBazaar
170852ad01f40abf3922f8520fa170a5965038fa28f0b1878c1cbae4b7424f05,940856,1,47.0,0.0,47.0,47.0,142,174,34,142,56.6549,0,142,2032,63,22.0,Windows,RemcosRAT,MalwareBazaar
51b187d9941dff77a25d26fc6d33c2eea533ff6d1e590e3e4c872685933c1e1d,14334306,0,31.0,0.0,31.0,31.0,26,38,14,26,8.6538,0,26,50950,4096,0.0,Android,Android.Riskware.Installer,MalwareBazaar
54c478b499829a41f57edf93753b9842ab67dc13cff2cc1326ad7ced2f3dc0b9,2184840,0,45.0,0.0,45.0,45.0,7,15,10,7,2.2857,0,7,4698,56,8.0,Android,Kimwolf,MalwareBazaar
3ecc30d78ba8a9313372e67674a876beb5dbadc80ed825abb9336274405a5e6e,51124256,0,80.5,0.0,80.5,80.5,220,278,60,220,84.7273,0,220,144053,847,4.0,Android,Joker,MalwareBazaar
4c192817f54f244f3988505f6d6ac3ac5205ab6051fabb5b4419be5a9c529dd6,374784,0,14.0,0.0,14.0,14.0,60,66,8,60,26.8333,0,60,4531,266,0.0,Windows,SheetRAT,MalwareBazaar
236c78a9aaf7542088ace5fbc7dac5575a879496807a2b3500ea3d26365b5e82,1852928,0,13.0,0.0,13.0,13.0,7,6,1,7,4.0,0,7,7523,172,0.0,Windows,ACRStealer,MalwareBazaar
434fe31c97eb8cb0b0a917ac582bba2fff11e02544425164fca7cee520d239f9,941368,1,47.0,0.0,47.0,47.0,142,174,34,142,56.6549,0,142,2031,63,22.0,Windows,RemcosRAT,MalwareBazaar
390806eadfb9c5d57aa3e5d7db949be33d87b00778db029c7d27c202fa550bb4,1005056,0,23.0,0.0,23.0,23.0,157,191,36,157,63.1783,0,157,5335,157,38.0,Windows,Win.Generic,MalwareBazaar
1afc8097bd7d9268602e2953ed58cea4487b2760af35d3d429703495bff0a5e6,12571648,0,53.0,0.0,53.0,53.0,130,147,19,130,57.1923,0,130,35237,1695,22.0,Windows,SalatStealer,MalwareBazaar
2ccbf63166810474169cc1d632b6a651db67a2b139b785c4639535962d6ed0e0,787968,1,22.0,0.0,22.0,22.0,7,6,1,7,4.0,0,7,2103,2,22.0,Windows,Win.Packed.Generic,MalwareBazaar
0bd64f2bfd3b3d5427adfeb8bb72d2522d9758c80995bcf09a60c8631e0f1d34,811401,0,78.0,0.0,78.0,78.0,35,71,38,35,9.3143,0,35,3657,73,4.0,Android,SpyNote,MalwareBazaar
0a375c52851b79c5d3be0d18025940bee5f68501c8e18334264f116775e57fa7,400384,1,29.0,0.0,29.0,29.0,63,69,8,63,28.3175,0,63,1076,30,0.0,Windows,Emotet,MalwareBazaar
44f19dbf1059e3a5f5e424ce28695d3eaa7dbe6a7ec9c9855486714dea80f53a,3072,0,2.0,0.0,2.0,2.0,16,22,8,16,5.75,0,16,38,2,0.0,Windows,Win.Generic,MalwareBazaar
017849e593fb62b78b65843da6af9ec5dbe85623a38b238c60a21ea5866ec600,1405952,1,29.0,0.0,29.0,29.0,106,110,6,106,50.6132,0,106,3205,72,0.0,Windows,RemcosRAT,MalwareBazaar
139bf62f701613c60d5b18b5468aa32d555c147605c8a43465039f966b578cf2,5267459,0,14.0,0.0,14.0,14.0,122,133,13,122,55.8443,0,122,5807,26,0.0,Windows,WannaCry,MalwareBazaar
396e6e07928abd8a61b6cca0fd3b7cd09cf303c3211ec1333fc820159de8c42c,212992,0,21.0,0.0,21.0,21.0,54,72,20,54,19.537,0,54,705,9,22.0,Windows,Emotet,MalwareBazaar
240e2575f20c75c6b5e2ea69bc0f0d9675ffd3fea315ca818bcbee2572ee972f,2181120,1,77.0,0.0,77.0,77.0,111,117,8,111,52.1802,0,111,10770,949,0.0,Windows,QuasarRAT,MalwareBazaar
1b5e293b8a284ddd3cbb6949adb8d1709337d6d4a129159d9aa4d04448506f6c,3969152,1,41.0,0.0,41.0,41.0,140,161,23,140,60.4429,0,140,7130,279,16.0,Windows,WallStealer,MalwareBazaar
2d04db4989b20f9b9a4b77ff3e14bdb2112159a9172cb186a623de5d65cc8fb6,1111040,0,13.0,0.0,13.0,13.0,5320,4920,0,69,32.7662,31,428,5643,11,0.0,Windows,ACRStealer,MalwareBazaar
3d50311657f285410f8828a47571d97265b8e2f1067187b0c79a7f2c0766d217,861696,0,16.0,0.0,16.0,16.0,111,117,8,111,52.1802,0,111,6404,1010,0.0,Windows,Win.Generic,MalwareBazaar
0cd22dac5b9c62d397e890ba01bfd978db6abdd0628dd4918b163a4806b8d151,626688,0,30.0,0.0,30.0,30.0,143,210,69,143,46.3217,0,143,1571,80,58.0,Windows,Emotet,MalwareBazaar
1bf9c16cb7c1faae7fa99a57c5d091cbd1e6d5f3c0d79693a3b0990a8b58367d,5432419,0,39.5,0.0,39.5,39.5,11,20,11,11,3.7273,0,11,10140,39,0.0,Android,Android.Riskware.Installer,MalwareBazaar
53c0fd7ee5d286a84725a9c7443d9b35f10ace5c0971d63f2c3bc18e814cff43,1164382,0,26.0,0.0,26.0,26.0,141,171,32,141,56.9291,0,141,8038,112,22.0,Windows,DCRat,MalwareBazaar
3b63193b80192cb258d434e8e9ad61f221c25c6603a6c92fc6ccee5c18f7dfd7,369664,1,43.0,0.0,43.0,43.0,93,132,41,93,31.5161,0,93,1370,52,36.0,Windows,Emotet,MalwareBazaar
44f23052f2fd19cafef38adb1d146e348a8bd9b61c4ce608ad062440ec364286,1008440,1,47.0,0.0,47.0,47.0,142,174,34,142,56.6549,0,142,2067,64,22.0,Windows,RemcosRAT,MalwareBazaar
1c67a716387ec64bc9fc591313f2e76d9bac2f106d0549c85fc9d7fc4820e739,36864,0,12.0,0.0,12.0,12.0,19,25,8,19,7.0526,0,19,650,46,0.0,Windows,AsyncRAT,MalwareBazaar
141d8dd9c235560984db345a6414c17c5fed18e5b2106f240a58f3cdcc9f9584,380416,1,31.0,0.0,31.0,31.0,61,67,8,61,27.3279,0,61,1166,29,0.0,Windows,Emotet,MalwareBazaar
26b77b3fc1caf1e76b1a3c65f384804b0461bf74fed0eb6596632693c4cd8135,344064,1,33.0,0.0,33.0,33.0,12,13,3,12,5.25,0,12,1000,4,22.0,Windows,Win.Packed.Generic,MalwareBazaar
4e8b93c315302fd961961d214e69975718d7f3422316ad5271a2cf1d4cec0f45,7360512,0,20.0,0.0,20.0,20.0,2,1,1,2,1.5,0,2,4619,166,32.0,Windows,ACRStealer,MalwareBazaar
2d1f82ffe2e3ab1a52e3b34e54126ca063cb8b84424138d77338c106950c22ec,384512,1,23.0,0.0,23.0,23.0,61,67,8,61,27.3279,0,61,635,1,26.0,Windows,Emotet,MalwareBazaar
00bc6e071114667009b909e098cdbc56af4bf1e135624315c6e68a771ecef56b,610326,0,30.0,0.0,30.0,30.0,144,214,72,144,45.75,0,144,1449,199,58.0,Windows,Emotet,MalwareBazaar
0d4382170cd8e23611d31dc57a73c77af0d386031c907e10097ab6fd5554b642,58880,0,13.0,0.0,13.0,13.0,579,682,105,38,19.0263,11,345,146,1,38.0,Windows,Heodo,MalwareBazaar
3c461d43492cb5c5b720ccc6e1e1c17397c74433b558b2dac19774805f92b7fc,4719240,1,66.0,0.0,66.0,66.0,180,241,63,180,65.0111,0,180,21020,1698,42.0,Windows,Win.Packed.Generic,MalwareBazaar
45e561732f51c86136add911e40f0106d62aa8d6bf7427393ea9afacd4adf6fd,118784,1,18.0,0.0,18.0,18.0,54,70,18,54,20.1667,0,54,151,3,0.0,Windows,Win.Packed.Generic,MalwareBazaar
1d00b4c41ea980355335327a35a51ceb7b0365e2159a3a2826d969f506572185,1841288,0,26.0,0.0,26.0,26.0,140,161,23,140,60.4429,0,140,4372,247,22.0,Windows,Vidar,MalwareBazaar
275bf4063b21fd2c5082b240d8db243e19f3bc1d02652dd3c85e3a59c236994c,560544,0,28.0,0.0,28.0,28.0,108,137,31,108,41.7222,0,108,872,23,14.0,Windows,RemcosRAT,MalwareBazaar
fa36e7a8fc3a940aa4af967472b281478893b6d6ba4d0cf5135aadcaf8ef9d9e,353153,0,0.0,0.0,0.0,0.0,0,0,0,0,0.0,0,0,572,1,0.0,Unknown,Unknown.Generic,Local
3a4b0f50ea3eac55e22cbf24d873f9a1632d8f71e1fba91178c539030626ab32,2182144,1,77.0,0.0,77.0,77.0,111,117,8,111,52.1802,0,111,10770,909,0.0,Windows,QuasarRAT,MalwareBazaar
2e51daa305891ae8c03beb20f3b77b40727d24ad9f51e9899606ee7c1e76ead2,588942,0,30.0,0.0,30.0,30.0,6,10,6,6,2.5,0,6,1018,29,0.0,Android,JackSkid,MalwareBazaar
501738b2515bb3e418091fc3cd9408ee7f8d84b527c643be1ed6f8057353b20e,24064,0,8.0,0.0,8.0,8.0,17,23,8,17,6.1765,0,17,460,8,0.0,Windows,PhantomStealer,MalwareBazaar
0e42e5927b3e7628d578f609700ed180d5dece5d0639a681b96f183e22c8ac8a,5267459,0,14.0,0.0,14.0,14.0,122,133,13,122,55.8443,0,122,6421,26,0.0,Windows,WannaCry,MalwareBazaar
1d2f1a8c2962658d14927983d05a370aae179f6d010fade109a6a5d918e9be84,5267459,0,14.0,0.0,14.0,14.0,122,133,13,122,55.8443,0,122,6040,28,0.0,Windows,WannaCry,MalwareBazaar
468a08bdc8fdccd23edbcdcc59289473c7599c7e09a75f23578adf0ffe227874,1307136,0,13.0,0.0,13.0,13.0,6484,6064,0,83,35.4157,22,448,9024,102,16.0,Windows,ACRStealer,MalwareBazaar
09bdb0fb2e5689963f8375783abf0d87d2dbccc6a7ed8b03d7a53af29ab2c4d6,896512,0,44.0,0.0,44.0,44.0,167,235,70,167,56.5449,0,167,3342,155,86.0,Windows,Emotet,MalwareBazaar
27b8eeb5d1b46e1afa170b998830fe0958f08a2a9dfe7130df607c86ad42fb33,5448803,0,39.5,0.0,39.5,39.5,11,20,11,11,3.7273,0,11,10102,39,0.0,Android,SpyNote,MalwareBazaar
204edbbd9ab906160ea75c77681a47a21f018f18eca0927a901df6fe24fbd532,1175528,0,45.0,0.0,45.0,45.0,7,15,10,7,2.2857,0,7,3046,56,8.0,Android,Kimwolf,MalwareBazaar
2eaf25d2c99eb49743060031a22428bb7c8e78a99869638cfe43b977dda57f22,1121897,0,22.0,0.0,22.0,22.0,141,171,32,141,56.9291,0,141,2802,55,22.0,Windows,Emotet,MalwareBazaar
0e4d7fc19fc912a50e26ef99ca954613c480a3d05155bd23e3d78cf52ec0e90e,306688,0,27.0,0.0,27.0,27.0,69,87,20,69,26.5942,0,69,664,27,32.0,Windows,ValleyRAT,MalwareBazaar
212fff7721e43dff7db6bd7a5df41d57dac21bbf9a9c7c952e5a4a11092761b7,903168,0,21.0,0.0,21.0,21.0,148,183,37,148,58.8108,0,148,1797,57,16.0,Windows,Emotet,MalwareBazaar
0b8682fe1ee1d9a8ad485452179e9c8651c682660591077e0fb7077e89af81bd,660992,1,33.0,0.0,33.0,33.0,127,156,31,127,50.8898,0,127,2227,60,6.0,Windows,Emotet,MalwareBazaar
2063030918df932a61673559f99e51cc47f3436337f94afb2e8acaafa84289ff,26004713,0,20.5,0.0,20.5,20.5,26,32,8,26,10.2692,0,26,55998,360,0.0,Android,Arsink,MalwareBazaar
1d9427b7739d112e11fefe58ece6d8d3758e10198d978c4cc812a10eaac0941c,5267459,0,14.0,0.0,14.0,14.0,122,133,13,122,55.8443,0,122,6243,26,0.0,Windows,WannaCry,MalwareBazaar
2874f19d385565b1c5d5e630163aef1d87280af5de2cba4a583ab683768df1f4,705536,1,39.0,0.0,39.0,39.0,148,201,55,148,52.6081,0,148,2185,100,40.0,Windows,Emotet,MalwareBazaar
46e5089050d2af12f462978cfcba2f4074ff3e89e801926f69206e9ece8c04c3,437060,1,39.0,0.0,39.0,39.0,110,160,52,110,35.8818,0,110,919,69,46.0,Windows,Emotet,MalwareBazaar
090348d561eca62352f6a5e129fdcdf81ba1cbdcf45b9fa86f16c77d8aaa0f25,11236864,1,65.0,0.0,65.0,65.0,159,213,56,159,57.1069,0,159,40461,1077,46.0,Windows,ACRStealer,MalwareBazaar
3b2850cd8a54bfdb4c52c45f541c4d97047a28b19d034bbec609389b19019094,2000384,0,44.0,0.0,44.0,44.0,168,237,71,168,57.0,0,168,3429,152,86.0,Windows,Emotet,MalwareBazaar
2f595b306756f39b0d525b19d5f5c1d50a5e6761ea049a63a390ec3e6709a2ba,3003919,0,31.0,0.0,31.0,31.0,27,38,13,27,9.5556,0,27,7660,67,0.0,Android,MoqHao,MalwareBazaar
3ee7037e1cc12a0beb3b58e12614858e63979845c05247a3bf7d52a6b54148d3,2973696,0,40.0,0.0,40.0,40.0,171,235,66,171,59.5614,0,171,5385,192,30.0,Windows,Win.Suspicious.Generic,MalwareBazaar
1b87f2ef8a0150578ab639316e6f392ccac181c9fa18df5a04ccc56963644d02,5410101,1,37.0,0.0,37.0,37.0,135,158,25,135,57.1556,0,135,9884,27,12.0,Windows,Emotet,MalwareBazaar
0e70671889e441e9926c6a731ce722797526a7ebf785d4c8cd5fa6ae671c8924,282624,0,28.0,0.0,28.0,28.0,84,129,47,84,26.0714,0,84,893,67,30.0,Windows,Emotet,MalwareBazaar
3e6edebc2da9a4a80507eeb7abf529c9c3a70201927f1ae864f9f257ca64bc2e,17423890,0,18.0,0.0,18.0,18.0,28,33,7,28,11.9286,0,28,41034,359,30.0,Android,Arsink,MalwareBazaar
3f4197e11f3302d776639170a8ed193aba1960aabd1ae98e2ff7e9c59e8ef23a,612864,1,31.0,0.0,31.0,31.0,89,95,8,89,41.2247,0,89,2704,141,0.0,Windows,Win.Packed.Generic,MalwareBazaar
0172d6141fc03c2e152caf35dce6c90cc0cec4f303de270f09136b93f1e99bcf,3919308,0,92.0,0.0,92.0,92.0,59,96,39,59,17.4407,0,59,11889,327,8.0,Android,SpyNote,MalwareBazaar
1de78794bda5c92ce8c2369394e48a4a3013b3a6a3a2297acdf30c82f546a29f,2008064,0,76.0,0.0,76.0,76.0,145,186,43,145,55.1862,0,145,3962,149,54.0,Windows,RustyStealer,MalwareBazaar
3f4c9b68876000a2cf20ba8804cbb7fa74064a8dd39253733371486d2a8fc83a,2216938,0,31.0,0.0,31.0,31.0,13,29,18,13,3.6923,0,13,4616,61,30.0,Android,Android.Suspicious.Generic,MalwareBazaar
291543374d0ee4f983132128dcef16ebc8c058f07b1dc1b1f7d7e11d189fd42a,63488,0,12.0,0.0,12.0,12.0,22,28,8,22,8.4091,0,22,1113,148,0.0,Windows,AsyncRAT,MalwareBazaar
479e4ead60a894c73202faba0c9ebf5762fee19e7d3ceed4af66cf710bb83b05,571392,1,65.0,0.0,65.0,65.0,105,129,26,105,41.7333,0,105,2110,35,34.0,Windows,Emotet,MalwareBazaar
57c9f734aa3e023f4c837b6f23ced1fb9a5ba6c722110a7484e1f41bb3f0859d,16740,0,0.0,0.0,0.0,0.0,0,0,0,0,0.0,0,0,33,1,0.0,Unknown,Unknown.Generic,Local
0f6491a71f06d4468f37e04ca5a09df3487fc03c4a04cc73263720c144cde600,1162240,0,12.0,0.0,12.0,12.0,9,9,2,9,4.5556,0,9,3014,65,0.0,Windows,ACRStealer,MalwareBazaar
400b411a9bffd687c5e74f51d43b7dc92cdb8d5ca9f674456b75a5d37587d342,102400,0,23.0,0.0,23.0,23.0,53,88,37,53,15.4528,0,53,816,33,12.0,Windows,Emotet,MalwareBazaar
1e6e27faa7f8314b2e61745e8e9ba5ae1a7a32666adfbd828b3c8c9a3e57da99,802304,0,78.0,0.0,78.0,78.0,152,193,43,152,58.5395,0,152,2083,49,54.0,Windows,Win.Injector.Generic,MalwareBazaar
299619b6a0eea4046543792f73c51ee6496e135e392513869580f972f6009e63,9873408,1,77.0,0.0,77.0,77.0,159,213,56,159,57.1069,0,159,33729,755,46.0,Windows,ACRStealer,MalwareBazaar
47ae095fd9e5143798a70805a23eb294fc072170dac19c1fa112beca186d844a,17888861,0,31.0,0.0,31.0,31.0,25,34,11,25,9.2,0,25,58962,4134,4.0,Android,Android.Riskware.Installer,MalwareBazaar
327629c21782f90f4bd5f7c0779d05e9dbe87244dbf6bbef6703293700f2a620,347113,0,69.0,0.0,69.0,69.0,9,8,1,9,5.0,0,9,783,65,70.0,Windows,CobaltStrike,MalwareBazaar
1061cebf8ae68e988db7bf2e9b3b1801f829360ac7f6fb6ce37bb5b83ef13f33,1843200,0,16.0,0.0,16.0,16.0,6601,6150,0,83,32.8675,25,432,14280,224,12.0,Windows,ACRStealer,MalwareBazaar
521433d5e57056d9453e33f572757e5dde402d9b97b4edee522bff7dcaea579e,385024,1,23.0,0.0,23.0,23.0,62,68,8,62,27.8226,0,62,625,1,26.0,Windows,Emotet,MalwareBazaar
04a11791a61a8522af2817801860e6f93f487036d936f0287d28fa94b5837c53,4473344,1,27.0,0.0,27.0,27.0,111,117,8,111,52.1802,0,111,8372,7,22.0,Windows,Win.Packed.Generic,MalwareBazaar
0a108cca92abc4326b5897466ed7c8f7f8737d3aab14f59a8d1e5eb4a48167b9,14451452,0,28.0,0.0,28.0,28.0,64,96,34,64,20.2812,0,64,24233,150,8.0,Android,Android.Generic,MalwareBazaar
1ec3da86a88a4037bc288073ea564cab08c4faa903dffe304748ad8054f6fa18,14602940,0,31.0,0.0,31.0,31.0,36,46,12,36,13.6667,0,36,35708,301,0.0,Android,Android.Riskware.Installer,MalwareBazaar
40517a7274f989a4a9deb13160f0695772bfda13826b4e67a01140ef95432c5a,64,0,0.0,0.0,0.0,0.0,4,4,2,4,2.0,0,4,0,0,0.0,Windows,Win.Generic,MalwareBazaar
a94631b6e4abc306de25f0bac1618cba950ea2a1a258720b78507efa2a6dc28c,1664,0,0.0,0.0,0.0,0.0,0,0,0,0,0.0,0,0,7,1,0.0,Unknown,Unknown.Generic,Local
32cad76bb888bbbf53ee40977f90b612ca41b2af749eacaa3ad3af5d0c2da268,1009464,1,47.0,0.0,47.0,47.0,142,174,34,142,56.6549,0,142,2061,64,22.0,Windows,RemcosRAT,MalwareBazaar
47fd26b0a4504fc3a363580a57e95e1a98b14f7b0066e6b97c9f4ec4ed55ff43,1917568,0,26.0,0.0,26.0,26.0,140,161,23,140,60.4429,0,140,4963,258,22.0,Windows,Vidar,MalwareBazaar
1300d35cec323bcedb6231100f818b4169d61640b1d80409d403f6c85e1fb652,3758080,1,53.0,0.0,53.0,53.0,159,213,56,159,57.1069,0,159,20188,172,46.0,Windows,ACRStealer,MalwareBazaar
04a68582f89411908497308a591ec680ece61f60ae477eafcc20f4f03d8351bb,1421824,0,23.0,0.0,23.0,23.0,6202,5930,0,84,34.25,27,423,4492,76,10.0,Windows,ACRStealer,MalwareBazaar
39de4a90a9ea45452548651029f410c1946fcb66c330e93ba622efdc9630c359,1065472,1,29.0,0.0,29.0,29.0,111,117,8,111,52.1802,0,111,2149,71,0.0,Windows,Fuery,MalwareBazaar
3324b61cefd951578ba35d5af3db926dc33df77e6997f5c515269e689d870e6e,6221312,1,78.0,0.0,78.0,78.0,159,213,56,159,57.1069,0,159,34947,1696,46.0,Windows,ACRStealer,MalwareBazaar
40ff49194227b67044cd908f885cc45c9ec8af8c4c0c45be8829291018a1a23c,1761280,0,44.0,0.0,44.0,44.0,5014,6145,1133,82,32.6867,12,444,6562,89,26.0,Windows,Win.Suspicious.Generic,MalwareBazaar
2ad8bf48eb721677daab7141a7bd87292d4b3f0ffba5c3fe3fcfe0641a4ae10d,3584,0,5.0,0.0,5.0,5.0,16,22,8,16,5.75,0,16,42,3,0.0,Windows,Win.Generic,MalwareBazaar
05bb6d1557363b7f227e458b80ac03806f306e2004364598eb335b5bcb6f191a,4093440,1,31.0,0.0,31.0,31.0,111,117,8,111,52.1802,0,111,9235,104,0.0,Windows,Emotet,MalwareBazaar
50724c91065350fbee65e48d290226b6cdb12dca071aab4ea44e0e3f58295505,9692672,1,69.0,0.0,69.0,69.0,159,213,56,159,57.1069,0,159,64404,4182,46.0,Windows,ACRStealer,MalwareBazaar
173188d8eda45cd1ad937978beeac610799862b1ed18ef37cf3d10575421e04d,1325056,0,13.0,0.0,13.0,13.0,17,19,4,17,6.4118,0,17,1468,1871,0.0,Windows,ACRStealer,MalwareBazaar
134698c1813ea65f44fae6429060cb0d859ca10ad33cdba71334bcfb282b90c6,4473344,1,28.0,0.0,28.0,28.0,111,117,8,111,52.1802,0,111,8243,10,22.0,Windows,Win.Packed.Generic,MalwareBazaar
33c47942c21d84fb64295b61e73a2135a32559d010dd0d10e5b15c4c0c9f0660,4972544,0,20.0,0.0,20.0,20.0,2,1,1,2,1.5,0,2,4675,164,32.0,Windows,ACRStealer,MalwareBazaar
0628ad6d1fd836b13b22e75fa169502d8ce78b7ad20f0261eb5151da98437bca,26053444,0,38.0,0.0,38.0,38.0,64,96,34,64,20.2812,0,64,45837,435,12.0,Android,CoinMiner,MalwareBazaar
3eaa49a1229343c1885b08f13ecdc2638875f66fd851b7b2baa534894e56921d,1313157,0,30.0,0.0,30.0,30.0,9,15,8,9,3.2222,0,9,2180,49,4.0,Android,JackSkid,MalwareBazaar
2b7af4d5fd24ce4daaa2aada2db239d0ec17510d17a55beb214b70b8edc54fb6,835886,0,78.0,0.0,78.0,78.0,35,71,38,35,9.3143,0,35,3700,73,4.0,Android,SpyNote,MalwareBazaar
41474b00b02b03fca4fa0e6765d690d540b9a19b11478006acdd865d845ebe9a,1294353,0,54.0,0.0,54.0,54.0,13,23,12,13,4.2308,0,13,1986,25,4.0,Android,JackSkid,MalwareBazaar
4a4db2eb2b015025be9ca2ca26433cb2f6fb40eea69bf9035e3668fdfdf4ea25,3584,0,5.0,0.0,5.0,5.0,16,22,8,16,5.75,0,16,42,3,0.0,Windows,Win.Generic,MalwareBazaar
3493d2bc0e7a1b2ccbeca6e1dd2fbcef8109cc50289596816c89e154e4f2edde,1306094,0,35.0,0.0,35.0,35.0,13,22,11,13,4.3077,0,13,1978,24,4.0,Android,JackSkid,MalwareBazaar
17372844a0ecb548c70275a5e06f522a2445f2781410a246130757e0b7bc5396,733499,0,92.5,0.0,92.5,92.5,36,62,28,36,10.3333,0,36,1450,20,8.0,Android,SpyNote,MalwareBazaar
0bc832f900a1206f3d52cfd3535dcb0565ae63dc46f4d666430a016464b1190a,228352,1,29.0,0.0,29.0,29.0,42,48,8,42,17.9762,0,42,401,4,22.0,Windows,Emotet,MalwareBazaar
15892457638a37a0794793f17723b3dcd32adbdb676a2227430b0e9e76e7315f,96101830,0,33.5,0.0,33.5,33.5,25,42,19,25,7.6,0,25,280371,676,4.0,Android,Joker,MalwareBazaar
06f7dfdfbff03719082750fb11ca1f1fe720daa57f11c7d30d3b3277bfeceb13,8545457,0,36.0,0.0,36.0,36.0,11,21,12,11,3.4545,0,11,18205,16,30.0,Android,Arsink,MalwareBazaar
4a9c611455192a91d9289f6c318773d4bdd339edc04a359be4905e4f6e4a4a54,574948,0,22.0,0.0,22.0,22.0,9,16,9,9,3.2222,0,9,831,11,4.0,Android,JackSkid,MalwareBazaar
02b283f8f67578c289c8ad4f95fd764cca9519206d122b99146ccba25e5e6b06,58880,0,3.0,0.0,3.0,3.0,29,39,12,29,10.4483,0,29,147,1,38.0,Windows,Heodo,MalwareBazaar
35f06f91902faf5a4bc27c8b73f74b74aea6a6be2215ae1e990ee504ceb29e4f,11938031,0,18.0,0.0,18.0,18.0,21,26,7,21,8.5714,0,21,30582,353,30.0,Android,Arsink,MalwareBazaar
079a0c8df2797334c5709679fe2491351478b470ae529365c5287c831cf0bc86,32456602,0,81.5,0.0,81.5,81.5,133,157,26,133,55.3684,0,133,50766,201,8.0,Android,Android.Trojan.Overlay,MalwareBazaar
